Diff in \\?\F:\slicerProject\pinch_n_print_cli\crates\slicer-runtime\benches\shell_classification.rs:123:
                 is_catchup_layer: false,
                 catchup_z_bottom: 0.0,
                 tool_index: 0,
[31m-            ..Default::default()
[0m[32m+                ..Default::default()
[0m             })
             .collect();
         global_layers.push(GlobalLayer {
Diff in \\?\F:\slicerProject\pinch_n_print_cli\crates\slicer-runtime\benches\shell_classification.rs:132:
             active_regions,
             has_nonplanar: false,
             is_sync_layer: false,
[31m-        ..Default::default()
[0m[32m+            ..Default::default()
[0m         });
     }
 
Diff in \\?\F:\slicerProject\pinch_n_print_cli\crates\slicer-runtime\tests\arachne_parity_round2.rs:269:
         bridge_areas: Vec::new(),
         bridge_orientation_deg: 0.0,
         sparse_infill_area: Vec::new(),
[31m-    ..Default::default()
[0m[32m+        ..Default::default()
[0m     };
     let mut arena = LayerArena::new();
     arena
Diff in \\?\F:\slicerProject\pinch_n_print_cli\crates\slicer-runtime\tests\arachne_parity_round2.rs:287:
         active_regions: Vec::new(),
         has_nonplanar: false,
         is_sync_layer: false,
[31m-    ..Default::default()
[0m[32m+        ..Default::default()
[0m     };
     crate::common::run_layer_and_commit_with_bundle(
         &dispatcher,
Diff in \\?\F:\slicerProject\pinch_n_print_cli\crates\slicer-runtime\tests\common\ir_builders.rs:195:
                         infill_areas,
                         seam_candidates: Vec::new(),
                         resolved_seam: None,
[31m-                    
[0m[31m-                        ..Default::default()}
[0m[32m+
[0m[32m+                        ..Default::default()
[0m[32m+                    }
[0m                 })
                 .collect();
             PerimeterIR {
Diff in \\?\F:\slicerProject\pinch_n_print_cli\crates\slicer-runtime\tests\common\ir_builders.rs:279:
             overhang_quartile: None,
             dist_to_top_mm: 0.0,
             overhang_distance_mm: None,
[31m-        
[0m[31m-            ..Default::default()})
[0m[32m+
[0m[32m+            ..Default::default()
[0m[32m+        })
[0m         .collect();
     let feature_flags: Vec<WallFeatureFlags> = (0..point_count)
         .map(|_| WallFeatureFlags {
Diff in \\?\F:\slicerProject\pinch_n_print_cli\crates\slicer-runtime\tests\common\ir_builders.rs:290:
             is_thin_wall: false,
             skip_ironing: false,
             custom: std::collections::HashMap::new(),
[31m-        
[0m[31m-            ..Default::default()})
[0m[32m+
[0m[32m+            ..Default::default()
[0m[32m+        })
[0m         .collect();
 
[31m-    WallLoop { // exhaustive: test fixture intentionally specifies the  boundary
[0m[32m+    WallLoop {
[0m[32m+        // exhaustive: test fixture intentionally specifies the  boundary
[0m         perimeter_index,
         loop_type: LoopType::Outer,
         path: ExtrusionPath3D {
Diff in \\?\F:\slicerProject\pinch_n_print_cli\crates\slicer-runtime\tests\common\mod.rs:39:
     plan: ExecutionPlan,
     runners: PipelineStageRunners,
 ) -> PipelineConfig {
[31m-    PipelineConfig { // exhaustive: test fixture intentionally specifies the  boundary
[0m[32m+    PipelineConfig {
[0m[32m+        // exhaustive: test fixture intentionally specifies the  boundary
[0m         // exhaustive: single per-crate construction point for trait-object holder PipelineConfig
         cancel_flag: None,
         mesh_ir,
Diff in \\?\F:\slicerProject\pinch_n_print_cli\crates\slicer-runtime\tests\common\mod.rs:159:
         modifier_volumes: Vec::new(),
         paint_data: None,
         world_z_extent: None,
[31m-    
[0m[31m-        ..Default::default()}
[0m[32m+
[0m[32m+        ..Default::default()
[0m[32m+    }
[0m }
 
 /// Reserved for future non-axis-aligned surface normal tests.
Diff in \\?\F:\slicerProject\pinch_n_print_cli\crates\slicer-runtime\tests\common\mod.rs:183:
         modifier_volumes: Vec::new(),
         paint_data: None,
         world_z_extent: None,
[31m-    
[0m[31m-        ..Default::default()}
[0m[32m+
[0m[32m+        ..Default::default()
[0m[32m+    }
[0m }
 
 // ── Ordered-entities counter serialization (D-113B) ───────────────────────
Diff in \\?\F:\slicerProject\pinch_n_print_cli\crates\slicer-runtime\tests\common\mod.rs:440:
                     retracts,
                     travel_moves,
                     order_proposal: None,
[31m-                
[0m[31m-                    ..Default::default()}))
[0m[32m+
[0m[32m+                    ..Default::default()
[0m[32m+                }))
[0m             }
         }
         _ => None,
Diff in \\?\F:\slicerProject\pinch_n_print_cli\crates\slicer-runtime\tests\common\mod.rs:459:
 // so existing test call sites can use the new trait boundary with minimal churn.
 
 pub fn layer_input<'a>(blackboard: &'a Blackboard, arena: &'a LayerArena) -> LayerStageInput<'a> {
[31m-    LayerStageInput { // exhaustive: test fixture intentionally specifies the  boundary
[0m[32m+    LayerStageInput {
[0m[32m+        // exhaustive: test fixture intentionally specifies the  boundary
[0m         mesh: blackboard.mesh().clone(),
         paint_regions: None,
         seam_plan: blackboard.seam_plan().cloned(),
Diff in \\?\F:\slicerProject\pinch_n_print_cli\crates\slicer-runtime\tests\common\mod.rs:475:
 }
 
 pub fn prepass_input(blackboard: &Blackboard) -> PrepassStageInput<'_> {
[31m-    PrepassStageInput { // exhaustive: test fixture intentionally specifies the  boundary
[0m[32m+    PrepassStageInput {
[0m[32m+        // exhaustive: test fixture intentionally specifies the  boundary
[0m         mesh: blackboard.mesh().clone(),
         layer_plan: blackboard.layer_plan().cloned(),
         slice_ir: blackboard.slice_ir().cloned(),
Diff in \\?\F:\slicerProject\pinch_n_print_cli\crates\slicer-runtime\tests\common\perimeter_harness.rs:223:
         WasmRuntimeDispatcher::new(Arc::clone(&engine)),
     ));
     let sink = capturing_runner.sink();
[31m-    let pipeline_config = PipelineConfig { // exhaustive: test fixture intentionally specifies the  boundary
[0m[32m+    let pipeline_config = PipelineConfig {
[0m[32m+        // exhaustive: test fixture intentionally specifies the  boundary
[0m         mesh_ir: mesh,
         plan,
[31m-        runners: PipelineStageRunners { // exhaustive: test fixture intentionally specifies the  boundary
[0m[32m+        runners: PipelineStageRunners {
[0m[32m+            // exhaustive: test fixture intentionally specifies the  boundary
[0m             prepass: Box::new(WasmRuntimeDispatcher::new(Arc::clone(&engine))),
             layer: Box::new(capturing_runner),
             finalization: Box::new(WasmRuntimeDispatcher::new(Arc::clone(&engine))),
Diff in \\?\F:\slicerProject\pinch_n_print_cli\crates\slicer-runtime\tests\common\ir_builders.rs:195:
                         infill_areas,
                         seam_candidates: Vec::new(),
                         resolved_seam: None,
[31m-                    
[0m[31m-                        ..Default::default()}
[0m[32m+
[0m[32m+                        ..Default::default()
[0m[32m+                    }
[0m                 })
                 .collect();
             PerimeterIR {
Diff in \\?\F:\slicerProject\pinch_n_print_cli\crates\slicer-runtime\tests\common\ir_builders.rs:279:
             overhang_quartile: None,
             dist_to_top_mm: 0.0,
             overhang_distance_mm: None,
[31m-        
[0m[31m-            ..Default::default()})
[0m[32m+
[0m[32m+            ..Default::default()
[0m[32m+        })
[0m         .collect();
     let feature_flags: Vec<WallFeatureFlags> = (0..point_count)
         .map(|_| WallFeatureFlags {
Diff in \\?\F:\slicerProject\pinch_n_print_cli\crates\slicer-runtime\tests\common\ir_builders.rs:290:
             is_thin_wall: false,
             skip_ironing: false,
             custom: std::collections::HashMap::new(),
[31m-        
[0m[31m-            ..Default::default()})
[0m[32m+
[0m[32m+            ..Default::default()
[0m[32m+        })
[0m         .collect();
 
[31m-    WallLoop { // exhaustive: test fixture intentionally specifies the  boundary
[0m[32m+    WallLoop {
[0m[32m+        // exhaustive: test fixture intentionally specifies the  boundary
[0m         perimeter_index,
         loop_type: LoopType::Outer,
         path: ExtrusionPath3D {
Diff in \\?\F:\slicerProject\pinch_n_print_cli\crates\slicer-runtime\tests\common\mod.rs:39:
     plan: ExecutionPlan,
     runners: PipelineStageRunners,
 ) -> PipelineConfig {
[31m-    PipelineConfig { // exhaustive: test fixture intentionally specifies the  boundary
[0m[32m+    PipelineConfig {
[0m[32m+        // exhaustive: test fixture intentionally specifies the  boundary
[0m         // exhaustive: single per-crate construction point for trait-object holder PipelineConfig
         cancel_flag: None,
         mesh_ir,
Diff in \\?\F:\slicerProject\pinch_n_print_cli\crates\slicer-runtime\tests\common\mod.rs:159:
         modifier_volumes: Vec::new(),
         paint_data: None,
         world_z_extent: None,
[31m-    
[0m[31m-        ..Default::default()}
[0m[32m+
[0m[32m+        ..Default::default()
[0m[32m+    }
[0m }
 
 /// Reserved for future non-axis-aligned surface normal tests.
Diff in \\?\F:\slicerProject\pinch_n_print_cli\crates\slicer-runtime\tests\common\mod.rs:183:
         modifier_volumes: Vec::new(),
         paint_data: None,
         world_z_extent: None,
[31m-    
[0m[31m-        ..Default::default()}
[0m[32m+
[0m[32m+        ..Default::default()
[0m[32m+    }
[0m }
 
 // ── Ordered-entities counter serialization (D-113B) ───────────────────────
Diff in \\?\F:\slicerProject\pinch_n_print_cli\crates\slicer-runtime\tests\common\mod.rs:440:
                     retracts,
                     travel_moves,
                     order_proposal: None,
[31m-                
[0m[31m-                    ..Default::default()}))
[0m[32m+
[0m[32m+                    ..Default::default()
[0m[32m+                }))
[0m             }
         }
         _ => None,
Diff in \\?\F:\slicerProject\pinch_n_print_cli\crates\slicer-runtime\tests\common\mod.rs:459:
 // so existing test call sites can use the new trait boundary with minimal churn.
 
 pub fn layer_input<'a>(blackboard: &'a Blackboard, arena: &'a LayerArena) -> LayerStageInput<'a> {
[31m-    LayerStageInput { // exhaustive: test fixture intentionally specifies the  boundary
[0m[32m+    LayerStageInput {
[0m[32m+        // exhaustive: test fixture intentionally specifies the  boundary
[0m         mesh: blackboard.mesh().clone(),
         paint_regions: None,
         seam_plan: blackboard.seam_plan().cloned(),
Diff in \\?\F:\slicerProject\pinch_n_print_cli\crates\slicer-runtime\tests\common\mod.rs:475:
 }
 
 pub fn prepass_input(blackboard: &Blackboard) -> PrepassStageInput<'_> {
[31m-    PrepassStageInput { // exhaustive: test fixture intentionally specifies the  boundary
[0m[32m+    PrepassStageInput {
[0m[32m+        // exhaustive: test fixture intentionally specifies the  boundary
[0m         mesh: blackboard.mesh().clone(),
         layer_plan: blackboard.layer_plan().cloned(),
         slice_ir: blackboard.slice_ir().cloned(),
Diff in \\?\F:\slicerProject\pinch_n_print_cli\crates\slicer-runtime\tests\common\perimeter_harness.rs:223:
         WasmRuntimeDispatcher::new(Arc::clone(&engine)),
     ));
     let sink = capturing_runner.sink();
[31m-    let pipeline_config = PipelineConfig { // exhaustive: test fixture intentionally specifies the  boundary
[0m[32m+    let pipeline_config = PipelineConfig {
[0m[32m+        // exhaustive: test fixture intentionally specifies the  boundary
[0m         mesh_ir: mesh,
         plan,
[31m-        runners: PipelineStageRunners { // exhaustive: test fixture intentionally specifies the  boundary
[0m[32m+        runners: PipelineStageRunners {
[0m[32m+            // exhaustive: test fixture intentionally specifies the  boundary
[0m             prepass: Box::new(WasmRuntimeDispatcher::new(Arc::clone(&engine))),
             layer: Box::new(capturing_runner),
             finalization: Box::new(WasmRuntimeDispatcher::new(Arc::clone(&engine))),
Diff in \\?\F:\slicerProject\pinch_n_print_cli\crates\slicer-runtime\tests\common\ir_builders.rs:195:
                         infill_areas,
                         seam_candidates: Vec::new(),
                         resolved_seam: None,
[31m-                    
[0m[31m-                        ..Default::default()}
[0m[32m+
[0m[32m+                        ..Default::default()
[0m[32m+                    }
[0m                 })
                 .collect();
             PerimeterIR {
Diff in \\?\F:\slicerProject\pinch_n_print_cli\crates\slicer-runtime\tests\common\ir_builders.rs:279:
             overhang_quartile: None,
             dist_to_top_mm: 0.0,
             overhang_distance_mm: None,
[31m-        
[0m[31m-            ..Default::default()})
[0m[32m+
[0m[32m+            ..Default::default()
[0m[32m+        })
[0m         .collect();
     let feature_flags: Vec<WallFeatureFlags> = (0..point_count)
         .map(|_| WallFeatureFlags {
Diff in \\?\F:\slicerProject\pinch_n_print_cli\crates\slicer-runtime\tests\common\ir_builders.rs:290:
             is_thin_wall: false,
             skip_ironing: false,
             custom: std::collections::HashMap::new(),
[31m-        
[0m[31m-            ..Default::default()})
[0m[32m+
[0m[32m+            ..Default::default()
[0m[32m+        })
[0m         .collect();
 
[31m-    WallLoop { // exhaustive: test fixture intentionally specifies the  boundary
[0m[32m+    WallLoop {
[0m[32m+        // exhaustive: test fixture intentionally specifies the  boundary
[0m         perimeter_index,
         loop_type: LoopType::Outer,
         path: ExtrusionPath3D {
Diff in \\?\F:\slicerProject\pinch_n_print_cli\crates\slicer-runtime\tests\common\mod.rs:39:
     plan: ExecutionPlan,
     runners: PipelineStageRunners,
 ) -> PipelineConfig {
[31m-    PipelineConfig { // exhaustive: test fixture intentionally specifies the  boundary
[0m[32m+    PipelineConfig {
[0m[32m+        // exhaustive: test fixture intentionally specifies the  boundary
[0m         // exhaustive: single per-crate construction point for trait-object holder PipelineConfig
         cancel_flag: None,
         mesh_ir,
Diff in \\?\F:\slicerProject\pinch_n_print_cli\crates\slicer-runtime\tests\common\mod.rs:159:
         modifier_volumes: Vec::new(),
         paint_data: None,
         world_z_extent: None,
[31m-    
[0m[31m-        ..Default::default()}
[0m[32m+
[0m[32m+        ..Default::default()
[0m[32m+    }
[0m }
 
 /// Reserved for future non-axis-aligned surface normal tests.
Diff in \\?\F:\slicerProject\pinch_n_print_cli\crates\slicer-runtime\tests\common\mod.rs:183:
         modifier_volumes: Vec::new(),
         paint_data: None,
         world_z_extent: None,
[31m-    
[0m[31m-        ..Default::default()}
[0m[32m+
[0m[32m+        ..Default::default()
[0m[32m+    }
[0m }
 
 // ── Ordered-entities counter serialization (D-113B) ───────────────────────
Diff in \\?\F:\slicerProject\pinch_n_print_cli\crates\slicer-runtime\tests\common\mod.rs:440:
                     retracts,
                     travel_moves,
                     order_proposal: None,
[31m-                
[0m[31m-                    ..Default::default()}))
[0m[32m+
[0m[32m+                    ..Default::default()
[0m[32m+                }))
[0m             }
         }
         _ => None,
Diff in \\?\F:\slicerProject\pinch_n_print_cli\crates\slicer-runtime\tests\common\mod.rs:459:
 // so existing test call sites can use the new trait boundary with minimal churn.
 
 pub fn layer_input<'a>(blackboard: &'a Blackboard, arena: &'a LayerArena) -> LayerStageInput<'a> {
[31m-    LayerStageInput { // exhaustive: test fixture intentionally specifies the  boundary
[0m[32m+    LayerStageInput {
[0m[32m+        // exhaustive: test fixture intentionally specifies the  boundary
[0m         mesh: blackboard.mesh().clone(),
         paint_regions: None,
         seam_plan: blackboard.seam_plan().cloned(),
Diff in \\?\F:\slicerProject\pinch_n_print_cli\crates\slicer-runtime\tests\common\mod.rs:475:
 }
 
 pub fn prepass_input(blackboard: &Blackboard) -> PrepassStageInput<'_> {
[31m-    PrepassStageInput { // exhaustive: test fixture intentionally specifies the  boundary
[0m[32m+    PrepassStageInput {
[0m[32m+        // exhaustive: test fixture intentionally specifies the  boundary
[0m         mesh: blackboard.mesh().clone(),
         layer_plan: blackboard.layer_plan().cloned(),
         slice_ir: blackboard.slice_ir().cloned(),
Diff in \\?\F:\slicerProject\pinch_n_print_cli\crates\slicer-runtime\tests\common\perimeter_harness.rs:223:
         WasmRuntimeDispatcher::new(Arc::clone(&engine)),
     ));
     let sink = capturing_runner.sink();
[31m-    let pipeline_config = PipelineConfig { // exhaustive: test fixture intentionally specifies the  boundary
[0m[32m+    let pipeline_config = PipelineConfig {
[0m[32m+        // exhaustive: test fixture intentionally specifies the  boundary
[0m         mesh_ir: mesh,
         plan,
[31m-        runners: PipelineStageRunners { // exhaustive: test fixture intentionally specifies the  boundary
[0m[32m+        runners: PipelineStageRunners {
[0m[32m+            // exhaustive: test fixture intentionally specifies the  boundary
[0m             prepass: Box::new(WasmRuntimeDispatcher::new(Arc::clone(&engine))),
             layer: Box::new(capturing_runner),
             finalization: Box::new(WasmRuntimeDispatcher::new(Arc::clone(&engine))),
Diff in \\?\F:\slicerProject\pinch_n_print_cli\crates\slicer-runtime\tests\unit\path_ordering_tdd.rs:45:
         overhang_quartile: None,
         dist_to_top_mm: 0.0,
         overhang_distance_mm: None,
[31m-    
[0m[31m-        ..Default::default()}
[0m[32m+
[0m[32m+        ..Default::default()
[0m[32m+    }
[0m }
 
 // â"€â"€ AC-1: same-object nearest-neighbor ordering â"€â"€â"€â"€â"€â"€â"€â"€â"€â"€â"€â"€â"€â"€â"€â"€â"€â"€â"€â"€â"€â"€â"€â"€â"€â"€â"€â"€â"€â"€â"€
Diff in \\?\F:\slicerProject\pinch_n_print_cli\crates\slicer-runtime\tests\unit\path_ordering_tdd.rs:76:
             sparse_infill: vec![path_at(30.0, 0.0), path_at(10.0, 0.0), path_at(0.0, 0.0)],
             solid_infill: vec![],
             ironing: vec![],
[31m-        
[0m[31m-            ..Default::default()}],
[0m[32m+
[0m[32m+            ..Default::default()
[0m[32m+        }],
[0m     };
 
     let mesh = minimal_mesh("test-object");
Diff in \\?\F:\slicerProject\pinch_n_print_cli\crates\slicer-runtime\tests\unit\path_ordering_tdd.rs:281:
                 sparse_infill: vec![path_at(0.0, 0.0), path_at(0.0, 100.0)],
                 solid_infill: vec![],
                 ironing: vec![],
[31m-            
[0m[31m-                ..Default::default()},
[0m[32m+
[0m[32m+                ..Default::default()
[0m[32m+            },
[0m             InfillRegion {
                 object_id: "test-object".to_string(),
                 region_id: 1,
Diff in \\?\F:\slicerProject\pinch_n_print_cli\crates\slicer-runtime\tests\unit\path_ordering_tdd.rs:289:
                 sparse_infill: vec![path_at(1.0, 0.0), path_at(1.0, 1.0)],
                 solid_infill: vec![],
                 ironing: vec![],
[31m-            
[0m[31m-                ..Default::default()},
[0m[32m+
[0m[32m+                ..Default::default()
[0m[32m+            },
[0m         ],
     };
 
Diff in \\?\F:\slicerProject\pinch_n_print_cli\crates\slicer-runtime\tests\unit\path_ordering_tdd.rs:399:
             ],
             solid_infill: vec![],
             ironing: vec![],
[31m-        
[0m[31m-            ..Default::default()}],
[0m[32m+
[0m[32m+            ..Default::default()
[0m[32m+        }],
[0m     };
 
     let mesh = minimal_mesh("test-object");
Diff in \\?\F:\slicerProject\pinch_n_print_cli\crates\slicer-runtime\tests\unit\path_ordering_tdd.rs:509:
                 sparse_infill: vec![path_at(30.0, 0.0), path_at(0.0, 0.0), path_at(15.0, 0.0)],
                 solid_infill: vec![],
                 ironing: vec![],
[31m-            
[0m[31m-                ..Default::default()}],
[0m[32m+
[0m[32m+                ..Default::default()
[0m[32m+            }],
[0m         }
     }
 
Diff in \\?\F:\slicerProject\pinch_n_print_cli\crates\slicer-runtime\tests\unit\path_ordering_tdd.rs:615:
             sparse_infill: vec![path_at(0.0, 0.0), path_at(10.0, 0.0), path_at(30.0, 0.0)],
             solid_infill: vec![],
             ironing: vec![],
[31m-        
[0m[31m-            ..Default::default()}],
[0m[32m+
[0m[32m+            ..Default::default()
[0m[32m+        }],
[0m     };
 
     let mesh = minimal_mesh("test-object");
Diff in \\?\F:\slicerProject\pinch_n_print_cli\crates\slicer-runtime\tests\unit\path_ordering_tdd.rs:722:
             sparse_infill: vec![path_at(30.0, 0.0), path_at(0.0, 0.0), path_at(10.0, 0.0)],
             solid_infill: vec![],
             ironing: vec![],
[31m-        
[0m[31m-            ..Default::default()}],
[0m[32m+
[0m[32m+            ..Default::default()
[0m[32m+        }],
[0m     };
 
     let mesh = minimal_mesh("test-object");
Diff in \\?\F:\slicerProject\pinch_n_print_cli\crates\slicer-runtime\tests\unit\path_ordering_tdd.rs:860:
             modifier_volumes: vec![],
             paint_data: None,
             world_z_extent: None,
[31m-        
[0m[31m-            ..Default::default()}],
[0m[32m+
[0m[32m+            ..Default::default()
[0m[32m+        }],
[0m         build_volume: BoundingBox3 {
             min: Point3 {
                 x: 0.0,
Diff in \\?\F:\slicerProject\pinch_n_print_cli\crates\slicer-runtime\tests\unit\path_ordering_tdd.rs:886:
         postpass_stages: vec![],
         global_layers: Arc::new(
             (0..layer_count)
[31m-                .map(|i| GlobalLayer { // exhaustive: test fixture intentionally specifies the  boundary
[0m[32m+                .map(|i| GlobalLayer {
[0m[32m+                    // exhaustive: test fixture intentionally specifies the  boundary
[0m                     index: i as u32,
                     z: 0.2 * (i as f32 + 1.0),
[31m-                    active_regions: vec![ActiveRegion { // exhaustive: test fixture intentionally specifies the  boundary
[0m[32m+                    active_regions: vec![ActiveRegion {
[0m[32m+                        // exhaustive: test fixture intentionally specifies the  boundary
[0m                         object_id: "test-object".to_string(),
                         region_id: 0,
                         resolved_config: ResolvedConfig::default(),
Diff in \\?\F:\slicerProject\pinch_n_print_cli\crates\slicer-runtime\tests\unit\path_ordering_tdd.rs:900:
                         tool_index: 0,
                     }],
                     has_nonplanar: false,
[31m-                   
[0m[31m-    is_sync_layer: i == 0,
[0m[32m+
[0m[32m+                    is_sync_layer: i == 0,
[0m                 })
                 .collect(),
         ),
Diff in \\?\F:\slicerProject\pinch_n_print_cli\crates\slicer-runtime\tests\unit\path_ordering_tdd.rs:908:
         region_plans: Arc::new(HashMap::new()),
         module_region_index: HashMap::new(),
         aggregated_region_split: BTreeMap::new(),
[31m-    
[0m[31m-        ..Default::default()}
[0m[32m+
[0m[32m+        ..Default::default()
[0m[32m+    }
[0m }
 
 fn stage(stage_id: &str, module_id: &str) -> CompiledStage {
Diff in \\?\F:\slicerProject\pinch_n_print_cli\crates\slicer-runtime\tests\common\ir_builders.rs:195:
                         infill_areas,
                         seam_candidates: Vec::new(),
                         resolved_seam: None,
[31m-                    
[0m[31m-                        ..Default::default()}
[0m[32m+
[0m[32m+                        ..Default::default()
[0m[32m+                    }
[0m                 })
                 .collect();
             PerimeterIR {
Diff in \\?\F:\slicerProject\pinch_n_print_cli\crates\slicer-runtime\tests\common\ir_builders.rs:279:
             overhang_quartile: None,
             dist_to_top_mm: 0.0,
             overhang_distance_mm: None,
[31m-        
[0m[31m-            ..Default::default()})
[0m[32m+
[0m[32m+            ..Default::default()
[0m[32m+        })
[0m         .collect();
     let feature_flags: Vec<WallFeatureFlags> = (0..point_count)
         .map(|_| WallFeatureFlags {
Diff in \\?\F:\slicerProject\pinch_n_print_cli\crates\slicer-runtime\tests\common\ir_builders.rs:290:
             is_thin_wall: false,
             skip_ironing: false,
             custom: std::collections::HashMap::new(),
[31m-        
[0m[31m-            ..Default::default()})
[0m[32m+
[0m[32m+            ..Default::default()
[0m[32m+        })
[0m         .collect();
 
[31m-    WallLoop { // exhaustive: test fixture intentionally specifies the  boundary
[0m[32m+    WallLoop {
[0m[32m+        // exhaustive: test fixture intentionally specifies the  boundary
[0m         perimeter_index,
         loop_type: LoopType::Outer,
         path: ExtrusionPath3D {
Diff in \\?\F:\slicerProject\pinch_n_print_cli\crates\slicer-runtime\tests\common\mod.rs:39:
     plan: ExecutionPlan,
     runners: PipelineStageRunners,
 ) -> PipelineConfig {
[31m-    PipelineConfig { // exhaustive: test fixture intentionally specifies the  boundary
[0m[32m+    PipelineConfig {
[0m[32m+        // exhaustive: test fixture intentionally specifies the  boundary
[0m         // exhaustive: single per-crate construction point for trait-object holder PipelineConfig
         cancel_flag: None,
         mesh_ir,
Diff in \\?\F:\slicerProject\pinch_n_print_cli\crates\slicer-runtime\tests\common\mod.rs:159:
         modifier_volumes: Vec::new(),
         paint_data: None,
         world_z_extent: None,
[31m-    
[0m[31m-        ..Default::default()}
[0m[32m+
[0m[32m+        ..Default::default()
[0m[32m+    }
[0m }
 
 /// Reserved for future non-axis-aligned surface normal tests.
Diff in \\?\F:\slicerProject\pinch_n_print_cli\crates\slicer-runtime\tests\common\mod.rs:183:
         modifier_volumes: Vec::new(),
         paint_data: None,
         world_z_extent: None,
[31m-    
[0m[31m-        ..Default::default()}
[0m[32m+
[0m[32m+        ..Default::default()
[0m[32m+    }
[0m }
 
 // ── Ordered-entities counter serialization (D-113B) ───────────────────────
Diff in \\?\F:\slicerProject\pinch_n_print_cli\crates\slicer-runtime\tests\common\mod.rs:440:
                     retracts,
                     travel_moves,
                     order_proposal: None,
[31m-                
[0m[31m-                    ..Default::default()}))
[0m[32m+
[0m[32m+                    ..Default::default()
[0m[32m+                }))
[0m             }
         }
         _ => None,
Diff in \\?\F:\slicerProject\pinch_n_print_cli\crates\slicer-runtime\tests\common\mod.rs:459:
 // so existing test call sites can use the new trait boundary with minimal churn.
 
 pub fn layer_input<'a>(blackboard: &'a Blackboard, arena: &'a LayerArena) -> LayerStageInput<'a> {
[31m-    LayerStageInput { // exhaustive: test fixture intentionally specifies the  boundary
[0m[32m+    LayerStageInput {
[0m[32m+        // exhaustive: test fixture intentionally specifies the  boundary
[0m         mesh: blackboard.mesh().clone(),
         paint_regions: None,
         seam_plan: blackboard.seam_plan().cloned(),
Diff in \\?\F:\slicerProject\pinch_n_print_cli\crates\slicer-runtime\tests\common\mod.rs:475:
 }
 
 pub fn prepass_input(blackboard: &Blackboard) -> PrepassStageInput<'_> {
[31m-    PrepassStageInput { // exhaustive: test fixture intentionally specifies the  boundary
[0m[32m+    PrepassStageInput {
[0m[32m+        // exhaustive: test fixture intentionally specifies the  boundary
[0m         mesh: blackboard.mesh().clone(),
         layer_plan: blackboard.layer_plan().cloned(),
         slice_ir: blackboard.slice_ir().cloned(),
Diff in \\?\F:\slicerProject\pinch_n_print_cli\crates\slicer-runtime\tests\common\perimeter_harness.rs:223:
         WasmRuntimeDispatcher::new(Arc::clone(&engine)),
     ));
     let sink = capturing_runner.sink();
[31m-    let pipeline_config = PipelineConfig { // exhaustive: test fixture intentionally specifies the  boundary
[0m[32m+    let pipeline_config = PipelineConfig {
[0m[32m+        // exhaustive: test fixture intentionally specifies the  boundary
[0m         mesh_ir: mesh,
         plan,
[31m-        runners: PipelineStageRunners { // exhaustive: test fixture intentionally specifies the  boundary
[0m[32m+        runners: PipelineStageRunners {
[0m[32m+            // exhaustive: test fixture intentionally specifies the  boundary
[0m             prepass: Box::new(WasmRuntimeDispatcher::new(Arc::clone(&engine))),
             layer: Box::new(capturing_runner),
             finalization: Box::new(WasmRuntimeDispatcher::new(Arc::clone(&engine))),
Diff in \\?\F:\slicerProject\pinch_n_print_cli\crates\slicer-runtime\tests\contract\dispatch_config_tdd.rs:31:
         active_regions: Vec::new(),
         has_nonplanar: false,
         is_sync_layer: false,
[31m-    
[0m[31m-        ..Default::default()})
[0m[32m+
[0m[32m+        ..Default::default()
[0m[32m+    })
[0m     .unwrap();
 
     let infill = fx.arena.infill().expect("infill slot should be populated");
Diff in \\?\F:\slicerProject\pinch_n_print_cli\crates\slicer-runtime\tests\contract\dispatch_config_tdd.rs:58:
         active_regions: Vec::new(),
         has_nonplanar: false,
         is_sync_layer: false,
[31m-    
[0m[31m-        ..Default::default()})
[0m[32m+
[0m[32m+        ..Default::default()
[0m[32m+    })
[0m     .unwrap();
 
     let mut fx_b = dispatch_fixture::for_stage("Layer::Infill")
Diff in \\?\F:\slicerProject\pinch_n_print_cli\crates\slicer-runtime\tests\contract\dispatch_config_tdd.rs:75:
         active_regions: Vec::new(),
         has_nonplanar: false,
         is_sync_layer: false,
[31m-    
[0m[31m-        ..Default::default()})
[0m[32m+
[0m[32m+        ..Default::default()
[0m[32m+    })
[0m     .unwrap();
 
     let p_a = RawInfillWitnessPoint1::decode(
Diff in \\?\F:\slicerProject\pinch_n_print_cli\crates\slicer-runtime\tests\contract\dispatch_config_tdd.rs:98:
         active_regions: Vec::new(),
         has_nonplanar: false,
         is_sync_layer: false,
[31m-    
[0m[31m-        ..Default::default()};
[0m 
[32m+        ..Default::default()
[0m[32m+    };
[0m[32m+
[0m     let mut results = Vec::new();
     for _ in 0..3 {
         let mut fx = dispatch_fixture::for_stage("Layer::Infill")
Diff in \\?\F:\slicerProject\pinch_n_print_cli\crates\slicer-runtime\tests\contract\dispatch_config_tdd.rs:123:
         active_regions: Vec::new(),
         has_nonplanar: false,
         is_sync_layer: false,
[31m-    
[0m[31m-        ..Default::default()};
[0m 
[32m+        ..Default::default()
[0m[32m+    };
[0m[32m+
[0m     let mut fx = dispatch_fixture::for_stage("Layer::Infill")
         .with_config(ConfigView::from_map(
             [("infill-spacing".into(), ConfigValue::Float(2.0))].into(),
Diff in \\?\F:\slicerProject\pinch_n_print_cli\crates\slicer-runtime\tests\contract\dispatch_config_tdd.rs:184:
         active_regions: Vec::new(),
         has_nonplanar: false,
         is_sync_layer: false,
[31m-    
[0m[31m-        ..Default::default()};
[0m[32m+
[0m[32m+        ..Default::default()
[0m[32m+    };
[0m     crate::common::run_layer_and_commit_with_bundle(
         &dispatcher,
         "Layer::PathOptimization",
Diff in \\?\F:\slicerProject\pinch_n_print_cli\crates\slicer-runtime\tests\contract\dispatch_identity_tdd.rs:13:
         active_regions: Vec::new(),
         has_nonplanar: false,
         is_sync_layer: false,
[31m-    
[0m[31m-        ..Default::default()}
[0m[32m+
[0m[32m+        ..Default::default()
[0m[32m+    }
[0m }
 
 #[test]
Diff in \\?\F:\slicerProject\pinch_n_print_cli\crates\slicer-runtime\tests\contract\dispatch_identity_tdd.rs:317:
             overhang_quartile: None,
             dist_to_top_mm: 0.0,
             overhang_distance_mm: None,
[31m-        
[0m[31m-            ..Default::default()}],
[0m[32m+
[0m[32m+            ..Default::default()
[0m[32m+        }],
[0m         role: ExtrusionRole::SupportMaterial,
         speed_factor: 1.0,
     };
Diff in \\?\F:\slicerProject\pinch_n_print_cli\crates\slicer-runtime\tests\contract\dispatch_identity_tdd.rs:325:
[31m-    let output = SupportOutputCollected { // exhaustive: test fixture intentionally specifies the  boundary
[0m[32m+    let output = SupportOutputCollected {
[0m[32m+        // exhaustive: test fixture intentionally specifies the  boundary
[0m         support_paths: vec![mk_path(), mk_path()],
         interface_paths: Vec::new(),
         raft_paths: Vec::new(),
Diff in \\?\F:\slicerProject\pinch_n_print_cli\crates\slicer-runtime\tests\contract\dispatch_identity_tdd.rs:370:
         active_regions: Vec::new(),
         has_nonplanar: false,
         is_sync_layer: false,
[31m-    
[0m[31m-        ..Default::default()};
[0m 
[32m+        ..Default::default()
[0m[32m+    };
[0m[32m+
[0m     fx.run_layer(&layer).unwrap();
 
     let infill = fx.arena.infill().expect("infill slot should be populated");
Diff in \\?\F:\slicerProject\pinch_n_print_cli\crates\slicer-runtime\tests\contract\dispatch_identity_tdd.rs:454:
         WitWallBoundaryType,
     };
     // One untagged wall_loop and one tagged seam_candidate => mixed mode.
[31m-    let output = PerimeterOutputCollected { // exhaustive: test fixture intentionally specifies the  boundary
[0m[32m+    let output = PerimeterOutputCollected {
[0m[32m+        // exhaustive: test fixture intentionally specifies the  boundary
[0m         wall_loops: vec![WallLoopView {
             perimeter_index: 0,
             loop_type: WallLoopType::Outer,
Diff in \\?\F:\slicerProject\pinch_n_print_cli\crates\slicer-runtime\tests\contract\dispatch_identity_tdd.rs:468:
                     overhang_quartile: None,
                     dist_to_top_mm: 0.0,
                     overhang_distance_mm: None,
[31m-                
[0m[31m-                    ..Default::default()}],
[0m[32m+
[0m[32m+                    ..Default::default()
[0m[32m+                }],
[0m                 role: ExtrusionRole::OuterWall,
                 speed_factor: 1.0,
             },
Diff in \\?\F:\slicerProject\pinch_n_print_cli\crates\slicer-runtime\tests\contract\dispatch_infill_output_tdd.rs:233:
         }],
         layer_finalization_stage: None,
         postpass_stages: Vec::new(),
[31m-        global_layers: Arc::new(vec![GlobalLayer { // exhaustive: test fixture intentionally specifies the  boundary
[0m[32m+        global_layers: Arc::new(vec![GlobalLayer {
[0m[32m+            // exhaustive: test fixture intentionally specifies the  boundary
[0m             index: 0,
             z: 0.2,
             active_regions: Vec::new(),
Diff in \\?\F:\slicerProject\pinch_n_print_cli\crates\slicer-runtime\tests\contract\dispatch_infill_output_tdd.rs:243:
         region_plans: Arc::new(HashMap::new()),
         module_region_index: HashMap::new(),
         aggregated_region_split: BTreeMap::new(),
[31m-    
[0m[31m-        ..Default::default()};
[0m 
[31m-    let config = PipelineConfig { // exhaustive: test fixture intentionally specifies the  boundary
[0m[32m+        ..Default::default()
[0m[32m+    };
[0m[32m+
[0m[32m+    let config = PipelineConfig {
[0m[32m+        // exhaustive: test fixture intentionally specifies the  boundary
[0m         mesh_ir: Arc::new(MeshIR::default()),
         plan,
[31m-        runners: PipelineStageRunners { // exhaustive: test fixture intentionally specifies the  boundary
[0m[32m+        runners: PipelineStageRunners {
[0m[32m+            // exhaustive: test fixture intentionally specifies the  boundary
[0m             prepass: Box::new(WasmRuntimeDispatcher::new(Arc::clone(&engine))),
             layer: Box::new(WasmRuntimeDispatcher::new(Arc::clone(&engine))),
             finalization: Box::new(WasmRuntimeDispatcher::new(Arc::clone(&engine))),
Diff in \\?\F:\slicerProject\pinch_n_print_cli\crates\slicer-runtime\tests\contract\dispatch_infill_output_tdd.rs:318:
             stage_id: "PostPass::GCodePostProcess".into(),
             modules: vec![gcode_module],
         }],
[31m-        global_layers: Arc::new(vec![GlobalLayer { // exhaustive: test fixture intentionally specifies the  boundary
[0m[32m+        global_layers: Arc::new(vec![GlobalLayer {
[0m[32m+            // exhaustive: test fixture intentionally specifies the  boundary
[0m             index: 0,
             z: 0.2,
             active_regions: Vec::new(),
Diff in \\?\F:\slicerProject\pinch_n_print_cli\crates\slicer-runtime\tests\contract\dispatch_infill_output_tdd.rs:328:
         region_plans: Arc::new(HashMap::new()),
         module_region_index: HashMap::new(),
         aggregated_region_split: BTreeMap::new(),
[31m-    
[0m[31m-        ..Default::default()};
[0m 
[31m-    let config = PipelineConfig { // exhaustive: test fixture intentionally specifies the  boundary
[0m[32m+        ..Default::default()
[0m[32m+    };
[0m[32m+
[0m[32m+    let config = PipelineConfig {
[0m[32m+        // exhaustive: test fixture intentionally specifies the  boundary
[0m         mesh_ir: Arc::new(MeshIR::default()),
         plan,
[31m-        runners: PipelineStageRunners { // exhaustive: test fixture intentionally specifies the  boundary
[0m[32m+        runners: PipelineStageRunners {
[0m[32m+            // exhaustive: test fixture intentionally specifies the  boundary
[0m             prepass: Box::new(WasmRuntimeDispatcher::new(Arc::clone(&engine))),
             layer: Box::new(WasmRuntimeDispatcher::new(Arc::clone(&engine))),
             finalization: Box::new(WasmRuntimeDispatcher::new(Arc::clone(&engine))),
Diff in \\?\F:\slicerProject\pinch_n_print_cli\crates\slicer-runtime\tests\contract\dispatch_infill_output_tdd.rs:377:
         active_regions: Vec::new(),
         has_nonplanar: false,
         is_sync_layer: false,
[31m-    
[0m[31m-        ..Default::default()};
[0m 
[32m+        ..Default::default()
[0m[32m+    };
[0m[32m+
[0m     fx.run_layer(&layer)
         .expect("Layer::Infill dispatch+commit should succeed");
 
Diff in \\?\F:\slicerProject\pinch_n_print_cli\crates\slicer-runtime\tests\contract\dispatch_infill_output_tdd.rs:415:
         active_regions: Vec::new(),
         has_nonplanar: false,
         is_sync_layer: false,
[31m-    
[0m[31m-        ..Default::default()};
[0m 
[32m+        ..Default::default()
[0m[32m+    };
[0m[32m+
[0m     let mut results = Vec::new();
     for _ in 0..3 {
         let mut arena = LayerArena::new();
Diff in \\?\F:\slicerProject\pinch_n_print_cli\crates\slicer-runtime\tests\contract\dispatch_infill_output_tdd.rs:459:
                 overhang_quartile: None,
                 dist_to_top_mm: 0.0,
                 overhang_distance_mm: None,
[31m-            
[0m[31m-                ..Default::default()}],
[0m[32m+
[0m[32m+                ..Default::default()
[0m[32m+            }],
[0m             role: ExtrusionRole::SparseInfill,
             speed_factor: 1.0,
         }],
Diff in \\?\F:\slicerProject\pinch_n_print_cli\crates\slicer-runtime\tests\contract\dispatch_infill_output_tdd.rs:502:
         layer_finalization_stage: None,
         postpass_stages: Vec::new(),
         global_layers: Arc::new(vec![
[31m-            GlobalLayer { // exhaustive: test fixture intentionally specifies the  boundary
[0m[31m-                index: 0,
[0m[31m-                z: 0.2,
[0m[31m-                active_regions: Vec::new(),
[0m[31m-                has_nonplanar: false,
[0m[31m-                is_sync_layer: false,
[0m[31m-            },
[0m[31m-            GlobalLayer { // exhaustive: test fixture intention
[0m[31m-     ally specifies the  boundary
[0m[31m-                index: 1,
[0m[31m-                z: 0.4,
[0m[31m-                active_regions: Vec::new(),
[0m[31m-                has_nonplanar: false,
[0m[31m-                is_sync_layer: false,
[0m[31m-            },
[0m[31m-        ]),
[0m[32m+               GlobalLayer { // exhaustive: test fixture intentionally specifies the  boundary
[0m[32m+                   index: 0,
[0m[32m+                   z: 0.2,
[0m[32m+                   active_regions: Vec::new(),
[0m[32m+                   has_nonplanar: false,
[0m[32m+                   is_sync_layer: false,
[0m[32m+               },
[0m[32m+               GlobalLayer { // exhaustive: test fixture intention
[0m[32m+        ally specifies the  boundary
[0m[32m+                   index: 1,
[0m[32m+                   z: 0.4,
[0m[32m+                   active_regions: Vec::new(),
[0m[32m+                   has_nonplanar: false,
[0m[32m+                   is_sync_layer: false,
[0m[32m+               },
[0m[32m+           ]),
[0m         region_plans: Arc::new(HashMap::new()),
[31m- 
[0m[31m-            module_region_index: HashMap::new(),
[0m[32m+
[0m[32m+        module_region_index: HashMap::new(),
[0m         aggregated_region_split: BTreeMap::new(),
[31m-    
[0m[31m-        ..Default::default()};
[0m 
[31m-    let config = PipelineConfig { // exhaustive: test fixture intentionally specifies the  boundary
[0m[32m+        ..Default::default()
[0m[32m+    };
[0m[32m+
[0m[32m+    let config = PipelineConfig {
[0m[32m+        // exhaustive: test fixture intentionally specifies the  boundary
[0m         mesh_ir: Arc::new(MeshIR::default()),
         plan,
[31m-        runners: PipelineStageRunners { // exhaustive: test fixture intentionally specifies the  boundary
[0m[32m+        runners: PipelineStageRunners {
[0m[32m+            // exhaustive: test fixture intentionally specifies the  boundary
[0m             prepass: Box::new(WasmRuntimeDispatcher::new(Arc::clone(&engine))),
             layer: Box::new(WasmRuntimeDispatcher::new(Arc::clone(&engine))),
             finalization: Box::new(WasmRuntimeDispatcher::new(Arc::clone(&engine))),
Diff in \\?\F:\slicerProject\pinch_n_print_cli\crates\slicer-runtime\tests\contract\dispatch_infill_output_tdd.rs:577:
         active_regions: Vec::new(),
         has_nonplanar: false,
         is_sync_layer: false,
[31m-    
[0m[31m-        ..Default::default()};
[0m 
[32m+        ..Default::default()
[0m[32m+    };
[0m[32m+
[0m     fx.run_layer(&layer).unwrap();
 
     let infill = fx.arena.infill().expect("infill should be populated");
Diff in \\?\F:\slicerProject\pinch_n_print_cli\crates\slicer-runtime\tests\contract\dispatch_infill_output_tdd.rs:615:
         active_regions: Vec::new(),
         has_nonplanar: false,
         is_sync_layer: false,
[31m-    
[0m[31m-        ..Default::default()};
[0m[32m+
[0m[32m+        ..Default::default()
[0m[32m+    };
[0m     // Do not stage any perimeter IR.
 
     fx.run_layer(&layer).unwrap();
Diff in \\?\F:\slicerProject\pinch_n_print_cli\crates\slicer-runtime\tests\contract\dispatch_infill_output_tdd.rs:649:
         active_regions: Vec::new(),
         has_nonplanar: false,
         is_sync_layer: false,
[31m-    
[0m[31m-        ..Default::default()};
[0m 
[32m+        ..Default::default()
[0m[32m+    };
[0m[32m+
[0m     fx.run_layer(&layer).unwrap();
 
     // No infill output confirms perimeter state was not misrouted into the
Diff in \\?\F:\slicerProject\pinch_n_print_cli\crates\slicer-runtime\tests\contract\dispatch_infill_output_tdd.rs:677:
         active_regions: Vec::new(),
         has_nonplanar: false,
         is_sync_layer: false,
[31m-    
[0m[31m-        ..Default::default()};
[0m[32m+
[0m[32m+        ..Default::default()
[0m[32m+    };
[0m 
     // First call: infill (produces output)
     let r1 = fx.run_layer(&layer);
Diff in \\?\F:\slicerProject\pinch_n_print_cli\crates\slicer-runtime\tests\contract\dispatch_pathopt_tdd.rs:22:
         active_regions: Vec::new(),
         has_nonplanar: false,
         is_sync_layer: false,
[31m-    
[0m[31m-        ..Default::default()};
[0m[32m+
[0m[32m+        ..Default::default()
[0m[32m+    };
[0m     fx.run_layer(&layer).unwrap();
     let tcs = fx.arena.take_deferred_tool_changes();
     assert_eq!(tcs.len(), 3, "three tool-changes routed to deferred queue");
Diff in \\?\F:\slicerProject\pinch_n_print_cli\crates\slicer-runtime\tests\contract\dispatch_pathopt_tdd.rs:57:
         ],
         layer_finalization_stage: None,
         postpass_stages: Vec::new(),
[31m-        global_layers: Arc::new(vec![GlobalLayer { // exhaustive: test fixture intentionally specifies the  boundary
[0m[32m+        global_layers: Arc::new(vec![GlobalLayer {
[0m[32m+            // exhaustive: test fixture intentionally specifies the  boundary
[0m             index: 0,
             z: 0.2,
             active_regions: Vec::new(),
Diff in \\?\F:\slicerProject\pinch_n_print_cli\crates\slicer-runtime\tests\contract\dispatch_pathopt_tdd.rs:67:
         region_plans: Arc::new(HashMap::new()),
         module_region_index: HashMap::new(),
         aggregated_region_split: BTreeMap::new(),
[31m-    
[0m[31m-        ..Default::default()};
[0m[32m+
[0m[32m+        ..Default::default()
[0m[32m+    };
[0m     let mut blackboard = Blackboard::new(Arc::new(MeshIR::default()), 1);
     seed_slice_ir(&mut blackboard, &plan);
 
Diff in \\?\F:\slicerProject\pinch_n_print_cli\crates\slicer-runtime\tests\contract\dispatch_pathopt_tdd.rs:141:
         }],
         layer_finalization_stage: None,
         postpass_stages: Vec::new(),
[31m-        global_layers: Arc::new(vec![GlobalLayer { // exhaustive: test fixture intentionally specifies the  boundary
[0m[32m+        global_layers: Arc::new(vec![GlobalLayer {
[0m[32m+            // exhaustive: test fixture intentionally specifies the  boundary
[0m             index: 0,
             z: 0.2,
             active_regions: Vec::new(),
Diff in \\?\F:\slicerProject\pinch_n_print_cli\crates\slicer-runtime\tests\contract\dispatch_pathopt_tdd.rs:151:
         region_plans: Arc::new(HashMap::new()),
         module_region_index: HashMap::new(),
         aggregated_region_split: BTreeMap::new(),
[31m-    
[0m[31m-        ..Default::default()};
[0m[32m+
[0m[32m+        ..Default::default()
[0m[32m+    };
[0m     let mut blackboard = Blackboard::new(Arc::new(MeshIR::default()), 1);
     seed_slice_ir(&mut blackboard, &plan);
     let layers = execute_per_layer(&plan, &blackboard, &dispatcher, &wasm_handles).expect("exec");
Diff in \\?\F:\slicerProject\pinch_n_print_cli\crates\slicer-runtime\tests\contract\dispatch_pathopt_tdd.rs:185:
         ],
         layer_finalization_stage: None,
         postpass_stages: Vec::new(),
[31m-        global_layers: Arc::new(vec![GlobalLayer { // exhaustive: test fixture intentionally specifies the  boundary
[0m[32m+        global_layers: Arc::new(vec![GlobalLayer {
[0m[32m+            // exhaustive: test fixture intentionally specifies the  boundary
[0m             index: 0,
             z: 0.2,
             active_regions: Vec::new(),
Diff in \\?\F:\slicerProject\pinch_n_print_cli\crates\slicer-runtime\tests\contract\dispatch_pathopt_tdd.rs:195:
         region_plans: Arc::new(HashMap::new()),
         module_region_index: HashMap::new(),
         aggregated_region_split: BTreeMap::new(),
[31m-    
[0m[31m-        ..Default::default()};
[0m 
[32m+        ..Default::default()
[0m[32m+    };
[0m[32m+
[0m     struct SeedingRunner {
         inner: WasmRuntimeDispatcher,
         perim: Mutex<Option<slicer_ir::PerimeterIR>>,
Diff in \\?\F:\slicerProject\pinch_n_print_cli\crates\slicer-runtime\tests\contract\dispatch_pathopt_tdd.rs:409:
         });
     ctx.gcode_output_mut()
         .commands
[31m-        .push(GcodeCommandCollected::Move(GcodeMoveCmd { // exhaustive: test fixture intentionally specifies the  boundary
[0m[32m+        .push(GcodeCommandCollected::Move(GcodeMoveCmd {
[0m[32m+            // exhaustive: test fixture intentionally specifies the  boundary
[0m             x: Some(50.0),
             y: Some(50.0),
             z: None,
Diff in \\?\F:\slicerProject\pinch_n_print_cli\crates\slicer-runtime\tests\contract\dispatch_pathopt_tdd.rs:426:
         });
 
     let mut fx = dispatch_fixture::for_stage("Layer::PathOptimization").build();
[31m-    let entity = slicer_ir::PrintEntity { // exhaustive: test fixture intentionally specifies the  boundary
[0m[32m+    let entity = slicer_ir::PrintEntity {
[0m[32m+        // exhaustive: test fixture intentionally specifies the  boundary
[0m         entity_id: 1,
         path: ExtrusionPath3D {
             points: vec![Point3WithWidth {
Diff in \\?\F:\slicerProject\pinch_n_print_cli\crates\slicer-runtime\tests\contract\dispatch_pathopt_tdd.rs:438:
                 overhang_quartile: None,
                 dist_to_top_mm: 0.0,
                 overhang_distance_mm: None,
[31m-            
[0m[31m-                ..Default::default()}],
[0m[32m+
[0m[32m+                ..Default::default()
[0m[32m+            }],
[0m             role: ExtrusionRole::OuterWall,
             speed_factor: 1.0,
         },
Diff in \\?\F:\slicerProject\pinch_n_print_cli\crates\slicer-runtime\tests\contract\dispatch_pathopt_tdd.rs:552:
         ],
         layer_finalization_stage: None,
         postpass_stages: Vec::new(),
[31m-        global_layers: Arc::new(vec![GlobalLayer { // exhaustive: test fixture intentionally specifies the  boundary
[0m[32m+        global_layers: Arc::new(vec![GlobalLayer {
[0m[32m+            // exhaustive: test fixture intentionally specifies the  boundary
[0m             index: 0,
             z: 0.2,
             active_regions: Vec::new(),
Diff in \\?\F:\slicerProject\pinch_n_print_cli\crates\slicer-runtime\tests\contract\dispatch_pathopt_tdd.rs:562:
         region_plans: Arc::new(HashMap::new()),
         module_region_index: HashMap::new(),
         aggregated_region_split: BTreeMap::new(),
[31m-    
[0m[31m-        ..Default::default()};
[0m 
[32m+        ..Default::default()
[0m[32m+    };
[0m[32m+
[0m     struct SeedingRunner {
         inner: WasmRuntimeDispatcher,
         perim: Mutex<Option<slicer_ir::PerimeterIR>>,
Diff in \\?\F:\slicerProject\pinch_n_print_cli\crates\slicer-runtime\tests\contract\dispatch_pathopt_tdd.rs:639:
         ],
         layer_finalization_stage: None,
         postpass_stages: Vec::new(),
[31m-        global_layers: Arc::new(vec![GlobalLayer { // exhaustive: test fixture intentionally specifies the  boundary
[0m[32m+        global_layers: Arc::new(vec![GlobalLayer {
[0m[32m+            // exhaustive: test fixture intentionally specifies the  boundary
[0m             index: 0,
             z: 0.2,
             active_regions: Vec::new(),
Diff in \\?\F:\slicerProject\pinch_n_print_cli\crates\slicer-runtime\tests\contract\dispatch_pathopt_tdd.rs:649:
         region_plans: Arc::new(HashMap::new()),
         module_region_index: HashMap::new(),
         aggregated_region_split: BTreeMap::new(),
[31m-    
[0m[31m-        ..Default::default()};
[0m 
[32m+        ..Default::default()
[0m[32m+    };
[0m[32m+
[0m     struct SeedingRunner {
         inner: WasmRuntimeDispatcher,
         perim: Mutex<Option<slicer_ir::PerimeterIR>>,
Diff in \\?\F:\slicerProject\pinch_n_print_cli\crates\slicer-runtime\tests\contract\dispatch_pathopt_tdd.rs:808:
         active_regions: Vec::new(),
         has_nonplanar: false,
         is_sync_layer: false,
[31m-    
[0m[31m-        ..Default::default()};
[0m 
[32m+        ..Default::default()
[0m[32m+    };
[0m[32m+
[0m     let r = fx.run_layer(&layer);
     assert!(
         r.is_ok(),
Diff in \\?\F:\slicerProject\pinch_n_print_cli\crates\slicer-runtime\tests\contract\dispatch_pathopt_tdd.rs:852:
     // guest side). A PerimeterRegion with one wall loop.
     let blackboard = Blackboard::new(Arc::new(MeshIR::default()), 0);
     let mut arena = LayerArena::new();
[31m-    let wall = slicer_ir::WallLoop { // exhaustive: test fixture intentionally specifies the  boundary
[0m[32m+    let wall = slicer_ir::WallLoop {
[0m[32m+        // exhaustive: test fixture intentionally specifies the  boundary
[0m         perimeter_index: 0,
         loop_type: slicer_ir::LoopType::Outer,
         path: slicer_ir::ExtrusionPath3D {
Diff in \\?\F:\slicerProject\pinch_n_print_cli\crates\slicer-runtime\tests\contract\dispatch_pathopt_tdd.rs:866:
                     overhang_quartile: None,
                     dist_to_top_mm: 0.0,
                     overhang_distance_mm: None,
[31m-                
[0m[31m-                    ..Default::default()},
[0m[32m+
[0m[32m+                    ..Default::default()
[0m[32m+                },
[0m                 slicer_ir::Point3WithWidth {
                     x: 1.0,
                     y: 0.0,
Diff in \\?\F:\slicerProject\pinch_n_print_cli\crates\slicer-runtime\tests\contract\dispatch_pathopt_tdd.rs:877:
                     overhang_quartile: None,
                     dist_to_top_mm: 0.0,
                     overhang_distance_mm: None,
[31m-                
[0m[31m-                    ..Default::default()},
[0m[32m+
[0m[32m+                    ..Default::default()
[0m[32m+                },
[0m                 slicer_ir::Point3WithWidth {
                     x: 0.0,
                     y: 1.0,
Diff in \\?\F:\slicerProject\pinch_n_print_cli\crates\slicer-runtime\tests\contract\dispatch_pathopt_tdd.rs:888:
                     overhang_quartile: None,
                     dist_to_top_mm: 0.0,
                     overhang_distance_mm: None,
[31m-                
[0m[31m-                    ..Default::default()},
[0m[32m+
[0m[32m+                    ..Default::default()
[0m[32m+                },
[0m             ],
             role: slicer_ir::ExtrusionRole::OuterWall,
             speed_factor: 1.0,
Diff in \\?\F:\slicerProject\pinch_n_print_cli\crates\slicer-runtime\tests\contract\dispatch_pathopt_tdd.rs:905:
                 is_thin_wall: false,
                 skip_ironing: false,
                 custom: HashMap::new(),
[31m-            
[0m[31m-                ..Default::default()};
[0m[32m+
[0m[32m+                ..Default::default()
[0m[32m+            };
[0m             3
         ],
         boundary_type: slicer_ir::WallBoundaryType::ExteriorSurface,
Diff in \\?\F:\slicerProject\pinch_n_print_cli\crates\slicer-runtime\tests\contract\dispatch_pathopt_tdd.rs:921:
             seam_candidates: Vec::new(),
             infill_areas: Vec::new(),
             resolved_seam: None,
[31m-        
[0m[31m-            ..Default::default()}],
[0m[32m+
[0m[32m+            ..Default::default()
[0m[32m+        }],
[0m         ..Default::default()
     };
     arena.set_perimeter(perim).expect("seed perimeter");
Diff in \\?\F:\slicerProject\pinch_n_print_cli\crates\slicer-runtime\tests\contract\dispatch_pathopt_tdd.rs:933:
         active_regions: Vec::new(),
         has_nonplanar: false,
         is_sync_layer: false,
[31m-    
[0m[31m-        ..Default::default()};
[0m 
[32m+        ..Default::default()
[0m[32m+    };
[0m[32m+
[0m     crate::common::run_layer_and_commit_with_bundle(
         &dispatcher,
         "Layer::PathOptimization",
Diff in \\?\F:\slicerProject\pinch_n_print_cli\crates\slicer-runtime\tests\contract\dispatch_pathopt_tdd.rs:995:
         active_regions: Vec::new(),
         has_nonplanar: false,
         is_sync_layer: false,
[31m-    
[0m[31m-        ..Default::default()};
[0m[32m+
[0m[32m+        ..Default::default()
[0m[32m+    };
[0m     let blackboard = Blackboard::new(Arc::new(MeshIR::default()), 0);
 
     let run_once = || -> Vec<slicer_ir::LayerAnnotation> {
Diff in \\?\F:\slicerProject\pinch_n_print_cli\crates\slicer-runtime\tests\contract\dispatch_perimeter_output_tdd.rs:25:
                         overhang_quartile: None,
                         dist_to_top_mm: 0.0,
                         overhang_distance_mm: None,
[31m-                    
[0m[31m-                        ..Default::default()},
[0m[32m+
[0m[32m+                        ..Default::default()
[0m[32m+                    },
[0m                     Point3WithWidth {
                         x: 10.0,
                         y: 0.0,
Diff in \\?\F:\slicerProject\pinch_n_print_cli\crates\slicer-runtime\tests\contract\dispatch_perimeter_output_tdd.rs:36:
                         overhang_quartile: None,
                         dist_to_top_mm: 0.0,
                         overhang_distance_mm: None,
[31m-                    
[0m[31m-                        ..Default::default()},
[0m[32m+
[0m[32m+                        ..Default::default()
[0m[32m+                    },
[0m                 ],
                 role: ExtrusionRole::OuterWall,
                 speed_factor: 1.0,
Diff in \\?\F:\slicerProject\pinch_n_print_cli\crates\slicer-runtime\tests\contract\dispatch_perimeter_output_tdd.rs:107:
                     overhang_quartile: None,
                     dist_to_top_mm: 0.0,
                     overhang_distance_mm: None,
[31m-                
[0m[31m-                    ..Default::default()}],
[0m[32m+
[0m[32m+                    ..Default::default()
[0m[32m+                }],
[0m                 role: ExtrusionRole::OuterWall,
                 speed_factor: 1.0,
             },
Diff in \\?\F:\slicerProject\pinch_n_print_cli\crates\slicer-runtime\tests\contract\dispatch_perimeter_output_tdd.rs:156:
                         overhang_quartile: None,
                         dist_to_top_mm: 0.0,
                         overhang_distance_mm: None,
[31m-                    
[0m[31m-                        ..Default::default()},
[0m[32m+
[0m[32m+                        ..Default::default()
[0m[32m+                    },
[0m                     Point3WithWidth {
                         x: 10.0,
                         y: 0.0,
Diff in \\?\F:\slicerProject\pinch_n_print_cli\crates\slicer-runtime\tests\contract\dispatch_perimeter_output_tdd.rs:167:
                         overhang_quartile: None,
                         dist_to_top_mm: 0.0,
                         overhang_distance_mm: None,
[31m-                    
[0m[31m-                        ..Default::default()},
[0m[32m+
[0m[32m+                        ..Default::default()
[0m[32m+                    },
[0m                 ],
                 role: ExtrusionRole::OuterWall,
                 speed_factor: 1.0,
Diff in \\?\F:\slicerProject\pinch_n_print_cli\crates\slicer-runtime\tests\contract\dispatch_perimeter_output_tdd.rs:238:
         active_regions: Vec::new(),
         has_nonplanar: false,
         is_sync_layer: false,
[31m-    
[0m[31m-        ..Default::default()};
[0m 
[32m+        ..Default::default()
[0m[32m+    };
[0m[32m+
[0m     fx.run_layer(&layer)
         .expect("Layer::Perimeters dispatch+commit should succeed");
     assert!(
Diff in \\?\F:\slicerProject\pinch_n_print_cli\crates\slicer-runtime\tests\contract\dispatch_perimeter_output_tdd.rs:273:
                         overhang_quartile: None,
                         dist_to_top_mm: 0.0,
                         overhang_distance_mm: None,
[31m-                    
[0m[31m-                        ..Default::default()},
[0m[32m+
[0m[32m+                        ..Default::default()
[0m[32m+                    },
[0m                     Point3WithWidth {
                         x: 3.0,
                         y: 4.0,
Diff in \\?\F:\slicerProject\pinch_n_print_cli\crates\slicer-runtime\tests\contract\dispatch_perimeter_output_tdd.rs:284:
                         overhang_quartile: None,
                         dist_to_top_mm: 0.0,
                         overhang_distance_mm: None,
[31m-                    
[0m[31m-                        ..Default::default()},
[0m[32m+
[0m[32m+                        ..Default::default()
[0m[32m+                    },
[0m                 ],
                 role: ExtrusionRole::OuterWall,
                 speed_factor: 1.0,
Diff in \\?\F:\slicerProject\pinch_n_print_cli\crates\slicer-runtime\tests\contract\dispatch_perimeter_output_tdd.rs:354:
         active_regions: Vec::new(),
         has_nonplanar: false,
         is_sync_layer: false,
[31m-    
[0m[31m-        ..Default::default()};
[0m[32m+
[0m[32m+        ..Default::default()
[0m[32m+    };
[0m 
     fx.run_layer(&layer)
         .expect("Layer::PerimetersPostProcess dispatch+commit should succeed");
Diff in \\?\F:\slicerProject\pinch_n_print_cli\crates\slicer-runtime\tests\contract\dispatch_prepass_harvest_tdd.rs:552:
         overhang_quartile: None,
         dist_to_top_mm: 0.0,
         overhang_distance_mm: None,
[31m-    
[0m[31m-        ..Default::default()};
[0m[32m+
[0m[32m+        ..Default::default()
[0m[32m+    };
[0m     let seam_position = SeamPosition {
         point: dummy_position,
         wall_index: 0,
Diff in \\?\F:\slicerProject\pinch_n_print_cli\crates\slicer-runtime\tests\contract\dispatch_prepass_harvest_tdd.rs:686:
             },
             chosen_wall_index: 0,
             scored_candidates: Vec::new(),
[31m-        
[0m[31m-            ..Default::default()};
[0m[32m+
[0m[32m+            ..Default::default()
[0m[32m+        };
[0m     let entries = vec![
         make_entry("1", Vec::new()),
         make_entry(
Diff in \\?\F:\slicerProject\pinch_n_print_cli\crates\slicer-runtime\tests\contract\dispatch_prepass_harvest_tdd.rs:788:
         },
         chosen_wall_index: 0,
         scored_candidates: Vec::new(),
[31m-    
[0m[31m-        ..Default::default()};
[0m 
[32m+        ..Default::default()
[0m[32m+    };
[0m[32m+
[0m     let error = slicer_wasm_host::marshal::in_::harvest_seam_plan_ir_from(vec![entry])
         .expect_err("invalid region identity must reject");
     assert!(
Diff in \\?\F:\slicerProject\pinch_n_print_cli\crates\slicer-runtime\tests\contract\dispatch_prepass_harvest_tdd.rs:981:
                 },
                 chosen_wall_index: 0,
                 scored_candidates: Vec::new(),
[31m-            
[0m[31m-                ..Default::default()},
[0m[32m+
[0m[32m+                ..Default::default()
[0m[32m+            },
[0m         )
         .collect();
 
Diff in \\?\F:\slicerProject\pinch_n_print_cli\crates\slicer-runtime\tests\contract\dispatch_protocol_tdd.rs:198:
         active_regions: Vec::new(),
         has_nonplanar: false,
         is_sync_layer: false,
[31m-    
[0m[31m-        ..Default::default()};
[0m 
[32m+        ..Default::default()
[0m[32m+    };
[0m[32m+
[0m     fx.run_layer(&layer)
         .expect("Layer::Infill dispatch+commit should succeed");
 }
Diff in \\?\F:\slicerProject\pinch_n_print_cli\crates\slicer-runtime\tests\contract\dispatch_protocol_tdd.rs:302:
         active_regions: Vec::new(),
         has_nonplanar: false,
         is_sync_layer: false,
[31m-    
[0m[31m-        ..Default::default()};
[0m[32m+
[0m[32m+        ..Default::default()
[0m[32m+    };
[0m     let arena = LayerArena::new();
 
     let live = fx.bundle.as_live();
Diff in \\?\F:\slicerProject\pinch_n_print_cli\crates\slicer-runtime\tests\contract\dispatch_protocol_tdd.rs:342:
         active_regions: Vec::new(),
         has_nonplanar: false,
         is_sync_layer: false,
[31m-    
[0m[31m-        ..Default::default()};
[0m 
[32m+        ..Default::default()
[0m[32m+    };
[0m[32m+
[0m     let result = fx.run_layer(&layer);
 
     let Err(slicer_ir::LayerStageError::FatalModule { message, .. }) = result else {
Diff in \\?\F:\slicerProject\pinch_n_print_cli\crates\slicer-runtime\tests\contract\dispatch_protocol_tdd.rs:372:
         active_regions: Vec::new(),
         has_nonplanar: false,
         is_sync_layer: false,
[31m-    
[0m[31m-        ..Default::default()};
[0m 
[32m+        ..Default::default()
[0m[32m+    };
[0m[32m+
[0m     for _i in 0..3 {
         let arena = LayerArena::new();
         let live = fx.bundle.as_live();
Diff in \\?\F:\slicerProject\pinch_n_print_cli\crates\slicer-runtime\tests\contract\dispatch_protocol_tdd.rs:401:
         active_regions: Vec::new(),
         has_nonplanar: false,
         is_sync_layer: false,
[31m-    
[0m[31m-        ..Default::default()};
[0m 
[32m+        ..Default::default()
[0m[32m+    };
[0m[32m+
[0m     for i in 0..3 {
         let arena = LayerArena::new();
         let live = fx.bundle.as_live();
Diff in \\?\F:\slicerProject\pinch_n_print_cli\crates\slicer-runtime\tests\contract\dispatch_protocol_tdd.rs:430:
         active_regions: Vec::new(),
         has_nonplanar: false,
         is_sync_layer: false,
[31m-    
[0m[31m-        ..Default::default()};
[0m 
[32m+        ..Default::default()
[0m[32m+    };
[0m[32m+
[0m     for _i in 0..3 {
         fx.run_layer(&layer)
             .expect("Layer::Infill dispatch+commit should succeed");
Diff in \\?\F:\slicerProject\pinch_n_print_cli\crates\slicer-runtime\tests\contract\dispatch_protocol_tdd.rs:443:
 
 #[test]
 fn dispatch_error_display_includes_all_diagnostic_fields() {
[31m-    let err = slicer_runtime::DispatchError { // exhaustive: test fixture intentionally specifies the  boundary
[0m[32m+    let err = slicer_runtime::DispatchError {
[0m[32m+        // exhaustive: test fixture intentionally specifies the  boundary
[0m         module_id: "com.test.mod".to_string(),
         stage_id: "Layer::Infill".to_string(),
         export_name: "run-infill".to_string(),
Diff in \\?\F:\slicerProject\pinch_n_print_cli\crates\slicer-runtime\tests\contract\dispatch_protocol_tdd.rs:623:
         active_regions: Vec::new(),
         has_nonplanar: false,
         is_sync_layer: false,
[31m-    
[0m[31m-        ..Default::default()};
[0m[32m+
[0m[32m+        ..Default::default()
[0m[32m+    };
[0m     let layer_live = layer_bundle.as_live();
     let layer_result = LayerStageRunner::run_stage(
         &dispatcher,
Diff in \\?\F:\slicerProject\pinch_n_print_cli\crates\slicer-runtime\tests\contract\infill_postprocess_contract_tdd.rs:93:
         active_regions: Vec::new(),
         has_nonplanar: false,
         is_sync_layer: false,
[31m-    
[0m[31m-        ..Default::default()}
[0m[32m+
[0m[32m+        ..Default::default()
[0m[32m+    }
[0m }
 
 fn expoly(contour: &[(i64, i64)], holes: &[&[(i64, i64)]]) -> ExPolygon {
Diff in \\?\F:\slicerProject\pinch_n_print_cli\crates\slicer-runtime\tests\contract\infill_postprocess_contract_tdd.rs:120:
                 overhang_quartile: None,
                 dist_to_top_mm: 0.0,
                 overhang_distance_mm: None,
[31m-            
[0m[31m-                ..Default::default()})
[0m[32m+
[0m[32m+                ..Default::default()
[0m[32m+            })
[0m             .collect(),
         role,
         speed_factor: 1.0,
Diff in \\?\F:\slicerProject\pinch_n_print_cli\crates\slicer-runtime\tests\contract\infill_postprocess_contract_tdd.rs:280:
                 sparse_infill: mk(2, ExtrusionRole::SparseInfill),
                 solid_infill: mk(1, ExtrusionRole::TopSolidInfill),
                 ironing: mk(3, ExtrusionRole::Ironing),
[31m-            
[0m[31m-                ..Default::default()},
[0m[32m+
[0m[32m+                ..Default::default()
[0m[32m+            },
[0m             InfillRegion {
                 object_id: "obj-b".into(),
                 region_id: 9,
Diff in \\?\F:\slicerProject\pinch_n_print_cli\crates\slicer-runtime\tests\contract\infill_postprocess_contract_tdd.rs:288:
                 sparse_infill: mk(1, ExtrusionRole::SparseInfill),
                 solid_infill: mk(2, ExtrusionRole::TopSolidInfill),
                 ironing: Vec::new(),
[31m-            
[0m[31m-                ..Default::default()},
[0m[32m+
[0m[32m+                ..Default::default()
[0m[32m+            },
[0m         ],
         ..Default::default()
     };
Diff in \\?\F:\slicerProject\pinch_n_print_cli\crates\slicer-runtime\tests\contract\infill_postprocess_contract_tdd.rs:523:
                 ExtrusionRole::Ironing,
                 &[(1.0, 1.0, 0.0), (2.0, 2.0, 0.0)],
             )],
[31m-        
[0m[31m-            ..Default::default()}],
[0m[32m+
[0m[32m+            ..Default::default()
[0m[32m+        }],
[0m         ..Default::default()
     };
 
Diff in \\?\F:\slicerProject\pinch_n_print_cli\crates\slicer-runtime\tests\contract\macro_all_worlds_roundtrip_tdd.rs:299:
         active_regions: Vec::new(),
         has_nonplanar: false,
         is_sync_layer: false,
[31m-    
[0m[31m-        ..Default::default()};
[0m[32m+
[0m[32m+        ..Default::default()
[0m[32m+    };
[0m     (slicer_runtime::LayerArena::new(), layer)
 }
 
Diff in \\?\F:\slicerProject\pinch_n_print_cli\crates\slicer-runtime\tests\contract\macro_all_worlds_roundtrip_tdd.rs:465:
             bridge_areas: vec![],
             bridge_orientation_deg: 0.0,
             sparse_infill_area: Vec::new(),
[31m-        
[0m[31m-            ..Default::default()})
[0m[32m+
[0m[32m+            ..Default::default()
[0m[32m+        })
[0m         .collect();
     SliceIR {
         schema_version: semver(1, 0, 0),
Diff in \\?\F:\slicerProject\pinch_n_print_cli\crates\slicer-runtime\tests\contract\macro_all_worlds_roundtrip_tdd.rs:501:
         active_regions: Vec::new(),
         has_nonplanar: false,
         is_sync_layer: false,
[31m-    
[0m[31m-        ..Default::default()};
[0m[32m+
[0m[32m+        ..Default::default()
[0m[32m+    };
[0m     let mut arena = LayerArena::new();
     let slice = slice_ir_with_regions(7, 1.4, 2, 3);
     arena.set_slice(slice).expect("commit slice ir");
Diff in \\?\F:\slicerProject\pinch_n_print_cli\crates\slicer-runtime\tests\contract\macro_all_worlds_roundtrip_tdd.rs:553:
         active_regions: Vec::new(),
         has_nonplanar: false,
         is_sync_layer: false,
[31m-    
[0m[31m-        ..Default::default()};
[0m[32m+
[0m[32m+        ..Default::default()
[0m[32m+    };
[0m     let mut arena = LayerArena::new();
     // 3 regions, 4 polygons each â†’ total 12 polygons.
     let slice = slice_ir_with_regions(9, 1.8, 3, 4);
Diff in \\?\F:\slicerProject\pinch_n_print_cli\crates\slicer-runtime\tests\contract\macro_all_worlds_roundtrip_tdd.rs:654:
             active_regions: Vec::new(),
             has_nonplanar: false,
             is_sync_layer: false,
[31m-        
[0m[31m-            ..Default::default()};
[0m[32m+
[0m[32m+            ..Default::default()
[0m[32m+        };
[0m         let mut arena = LayerArena::new();
         arena
             .set_slice(slice_ir_with_regions(2, 0.4, 2, 5))
Diff in \\?\F:\slicerProject\pinch_n_print_cli\crates\slicer-runtime\tests\contract\macro_all_worlds_roundtrip_tdd.rs:895:
             "key".to_string(),
             slicer_ir::PaintValue::Scalar(0.5),
         )]),
[31m-    
[0m[31m-        ..Default::default()};
[0m 
[32m+        ..Default::default()
[0m[32m+    };
[0m[32m+
[0m     // Convert IR â†’ WIT using inline logic (mirrors macro's __slicer_ir_feature_to_wit)
     let wit_flags = WitWallFeatureFlag {
         tool_index: ir_flags.tool_index,
Diff in \\?\F:\slicerProject\pinch_n_print_cli\crates\slicer-runtime\tests\contract\macro_all_worlds_roundtrip_tdd.rs:962:
             ("b".to_string(), slicer_ir::PaintValue::Flag(true)),
             ("c".to_string(), slicer_ir::PaintValue::ToolIndex(2)),
         ]),
[31m-    
[0m[31m-        ..Default::default()};
[0m[32m+
[0m[32m+        ..Default::default()
[0m[32m+    };
[0m 
     // Convert IR â†’ WIT using inline logic
     let wit_flags = WitWallFeatureFlag {
Diff in \\?\F:\slicerProject\pinch_n_print_cli\crates\slicer-runtime\tests\contract\modifier_split_subregion_density_tdd.rs:103:
         active_regions: Vec::new(),
         has_nonplanar: false,
         is_sync_layer: false,
[31m-    
[0m[31m-        ..Default::default()};
[0m[32m+
[0m[32m+        ..Default::default()
[0m[32m+    };
[0m     let bundle = echo_bundle(module_config);
     run_layer_and_commit_with_bundle(
         &fx.dispatcher,
Diff in \\?\F:\slicerProject\pinch_n_print_cli\crates\slicer-runtime\tests\contract\modifier_split_subregion_density_tdd.rs:270:
         .extensions
         .insert(INFILL_DENSITY.into(), ConfigValue::Float(0.15));
 
[31m-    let modifier_volume = slicer_ir::ModifierVolume { // exhaustive: test fixture intentionally specifies the  boundary
[0m[32m+    let modifier_volume = slicer_ir::ModifierVolume {
[0m[32m+        // exhaustive: test fixture intentionally specifies the  boundary
[0m         id: "mod-0".into(),
         mesh: slicer_ir::IndexedTriangleSet::default(),
         config_delta: slicer_ir::ConfigDelta {
Diff in \\?\F:\slicerProject\pinch_n_print_cli\crates\slicer-runtime\tests\contract\postpass_gcode_emit_contract_tdd.rs:55:
         overhang_quartile: None,
         dist_to_top_mm: 0.0,
         overhang_distance_mm: None,
[31m-    
[0m[31m-        ..Default::default()}
[0m[32m+
[0m[32m+        ..Default::default()
[0m[32m+    }
[0m }
 
 fn region_key_fixture() -> slicer_ir::RegionKey {
Diff in \\?\F:\slicerProject\pinch_n_print_cli\crates\slicer-runtime\tests\contract\postpass_gcode_emit_contract_tdd.rs:72:
     points: Vec<slicer_ir::Point3WithWidth>,
     role: ExtrusionRole,
 ) -> slicer_ir::PrintEntity {
[31m-    slicer_ir::PrintEntity { // exhaustive: test fixture intentionally specifies the  boundary
[0m[32m+    slicer_ir::PrintEntity {
[0m[32m+        // exhaustive: test fixture intentionally specifies the  boundary
[0m         entity_id: 1,
         path: slicer_ir::ExtrusionPath3D {
             points,
Diff in \\?\F:\slicerProject\pinch_n_print_cli\crates\slicer-runtime\tests\contract\postpass_gcode_emit_contract_tdd.rs:110:
         annotations: vec![],
         retracts: vec![],
         travel_moves: vec![],
[31m-    
[0m[31m-        ..Default::default()}
[0m[32m+
[0m[32m+        ..Default::default()
[0m[32m+    }
[0m }
 
 // ============================================================================
Diff in \\?\F:\slicerProject\pinch_n_print_cli\crates\slicer-runtime\tests\contract\slice_region_view_overhang_areas_non_empty_tdd.rs:136:
         is_catchup_layer: false,
         catchup_z_bottom: 0.0,
         tool_index: 0,
[31m-    
[0m[31m-        ..Default::default()}
[0m[32m+
[0m[32m+        ..Default::default()
[0m[32m+    }
[0m }
 
 fn two_global_layers() -> Vec<GlobalLayer> {
Diff in \\?\F:\slicerProject\pinch_n_print_cli\crates\slicer-runtime\tests\contract\slice_region_view_overhang_areas_non_empty_tdd.rs:148:
             active_regions: vec![active_region("ramp")],
             has_nonplanar: false,
             is_sync_layer: false,
[31m-        
[0m[31m-            ..Default::default()},
[0m[32m+
[0m[32m+            ..Default::default()
[0m[32m+        },
[0m         GlobalLayer {
             index: 1,
             z: 1.5,
Diff in \\?\F:\slicerProject\pinch_n_print_cli\crates\slicer-runtime\tests\contract\slice_region_view_overhang_areas_non_empty_tdd.rs:156:
             active_regions: vec![active_region("ramp")],
             has_nonplanar: false,
             is_sync_layer: false,
[31m-        
[0m[31m-            ..Default::default()},
[0m[32m+
[0m[32m+            ..Default::default()
[0m[32m+        },
[0m     ]
 }
 
Diff in \\?\F:\slicerProject\pinch_n_print_cli\crates\slicer-runtime\tests\common\ir_builders.rs:195:
                         infill_areas,
                         seam_candidates: Vec::new(),
                         resolved_seam: None,
[31m-                    
[0m[31m-                        ..Default::default()}
[0m[32m+
[0m[32m+                        ..Default::default()
[0m[32m+                    }
[0m                 })
                 .collect();
             PerimeterIR {
Diff in \\?\F:\slicerProject\pinch_n_print_cli\crates\slicer-runtime\tests\common\ir_builders.rs:279:
             overhang_quartile: None,
             dist_to_top_mm: 0.0,
             overhang_distance_mm: None,
[31m-        
[0m[31m-            ..Default::default()})
[0m[32m+
[0m[32m+            ..Default::default()
[0m[32m+        })
[0m         .collect();
     let feature_flags: Vec<WallFeatureFlags> = (0..point_count)
         .map(|_| WallFeatureFlags {
Diff in \\?\F:\slicerProject\pinch_n_print_cli\crates\slicer-runtime\tests\common\ir_builders.rs:290:
             is_thin_wall: false,
             skip_ironing: false,
             custom: std::collections::HashMap::new(),
[31m-        
[0m[31m-            ..Default::default()})
[0m[32m+
[0m[32m+            ..Default::default()
[0m[32m+        })
[0m         .collect();
 
[31m-    WallLoop { // exhaustive: test fixture intentionally specifies the  boundary
[0m[32m+    WallLoop {
[0m[32m+        // exhaustive: test fixture intentionally specifies the  boundary
[0m         perimeter_index,
         loop_type: LoopType::Outer,
         path: ExtrusionPath3D {
Diff in \\?\F:\slicerProject\pinch_n_print_cli\crates\slicer-runtime\tests\common\mod.rs:39:
     plan: ExecutionPlan,
     runners: PipelineStageRunners,
 ) -> PipelineConfig {
[31m-    PipelineConfig { // exhaustive: test fixture intentionally specifies the  boundary
[0m[32m+    PipelineConfig {
[0m[32m+        // exhaustive: test fixture intentionally specifies the  boundary
[0m         // exhaustive: single per-crate construction point for trait-object holder PipelineConfig
         cancel_flag: None,
         mesh_ir,
Diff in \\?\F:\slicerProject\pinch_n_print_cli\crates\slicer-runtime\tests\common\mod.rs:159:
         modifier_volumes: Vec::new(),
         paint_data: None,
         world_z_extent: None,
[31m-    
[0m[31m-        ..Default::default()}
[0m[32m+
[0m[32m+        ..Default::default()
[0m[32m+    }
[0m }
 
 /// Reserved for future non-axis-aligned surface normal tests.
Diff in \\?\F:\slicerProject\pinch_n_print_cli\crates\slicer-runtime\tests\common\mod.rs:183:
         modifier_volumes: Vec::new(),
         paint_data: None,
         world_z_extent: None,
[31m-    
[0m[31m-        ..Default::default()}
[0m[32m+
[0m[32m+        ..Default::default()
[0m[32m+    }
[0m }
 
 // ── Ordered-entities counter serialization (D-113B) ───────────────────────
Diff in \\?\F:\slicerProject\pinch_n_print_cli\crates\slicer-runtime\tests\common\mod.rs:440:
                     retracts,
                     travel_moves,
                     order_proposal: None,
[31m-                
[0m[31m-                    ..Default::default()}))
[0m[32m+
[0m[32m+                    ..Default::default()
[0m[32m+                }))
[0m             }
         }
         _ => None,
Diff in \\?\F:\slicerProject\pinch_n_print_cli\crates\slicer-runtime\tests\common\mod.rs:459:
 // so existing test call sites can use the new trait boundary with minimal churn.
 
 pub fn layer_input<'a>(blackboard: &'a Blackboard, arena: &'a LayerArena) -> LayerStageInput<'a> {
[31m-    LayerStageInput { // exhaustive: test fixture intentionally specifies the  boundary
[0m[32m+    LayerStageInput {
[0m[32m+        // exhaustive: test fixture intentionally specifies the  boundary
[0m         mesh: blackboard.mesh().clone(),
         paint_regions: None,
         seam_plan: blackboard.seam_plan().cloned(),
Diff in \\?\F:\slicerProject\pinch_n_print_cli\crates\slicer-runtime\tests\common\mod.rs:475:
 }
 
 pub fn prepass_input(blackboard: &Blackboard) -> PrepassStageInput<'_> {
[31m-    PrepassStageInput { // exhaustive: test fixture intentionally specifies the  boundary
[0m[32m+    PrepassStageInput {
[0m[32m+        // exhaustive: test fixture intentionally specifies the  boundary
[0m         mesh: blackboard.mesh().clone(),
         layer_plan: blackboard.layer_plan().cloned(),
         slice_ir: blackboard.slice_ir().cloned(),
Diff in \\?\F:\slicerProject\pinch_n_print_cli\crates\slicer-runtime\tests\common\perimeter_harness.rs:223:
         WasmRuntimeDispatcher::new(Arc::clone(&engine)),
     ));
     let sink = capturing_runner.sink();
[31m-    let pipeline_config = PipelineConfig { // exhaustive: test fixture intentionally specifies the  boundary
[0m[32m+    let pipeline_config = PipelineConfig {
[0m[32m+        // exhaustive: test fixture intentionally specifies the  boundary
[0m         mesh_ir: mesh,
         plan,
[31m-        runners: PipelineStageRunners { // exhaustive: test fixture intentionally specifies the  boundary
[0m[32m+        runners: PipelineStageRunners {
[0m[32m+            // exhaustive: test fixture intentionally specifies the  boundary
[0m             prepass: Box::new(WasmRuntimeDispatcher::new(Arc::clone(&engine))),
             layer: Box::new(capturing_runner),
             finalization: Box::new(WasmRuntimeDispatcher::new(Arc::clone(&engine))),
Diff in \\?\F:\slicerProject\pinch_n_print_cli\crates\slicer-runtime\tests\common\ir_builders.rs:195:
                         infill_areas,
                         seam_candidates: Vec::new(),
                         resolved_seam: None,
[31m-                    
[0m[31m-                        ..Default::default()}
[0m[32m+
[0m[32m+                        ..Default::default()
[0m[32m+                    }
[0m                 })
                 .collect();
             PerimeterIR {
Diff in \\?\F:\slicerProject\pinch_n_print_cli\crates\slicer-runtime\tests\common\ir_builders.rs:279:
             overhang_quartile: None,
             dist_to_top_mm: 0.0,
             overhang_distance_mm: None,
[31m-        
[0m[31m-            ..Default::default()})
[0m[32m+
[0m[32m+            ..Default::default()
[0m[32m+        })
[0m         .collect();
     let feature_flags: Vec<WallFeatureFlags> = (0..point_count)
         .map(|_| WallFeatureFlags {
Diff in \\?\F:\slicerProject\pinch_n_print_cli\crates\slicer-runtime\tests\common\ir_builders.rs:290:
             is_thin_wall: false,
             skip_ironing: false,
             custom: std::collections::HashMap::new(),
[31m-        
[0m[31m-            ..Default::default()})
[0m[32m+
[0m[32m+            ..Default::default()
[0m[32m+        })
[0m         .collect();
 
[31m-    WallLoop { // exhaustive: test fixture intentionally specifies the  boundary
[0m[32m+    WallLoop {
[0m[32m+        // exhaustive: test fixture intentionally specifies the  boundary
[0m         perimeter_index,
         loop_type: LoopType::Outer,
         path: ExtrusionPath3D {
Diff in \\?\F:\slicerProject\pinch_n_print_cli\crates\slicer-runtime\tests\common\mod.rs:39:
     plan: ExecutionPlan,
     runners: PipelineStageRunners,
 ) -> PipelineConfig {
[31m-    PipelineConfig { // exhaustive: test fixture intentionally specifies the  boundary
[0m[32m+    PipelineConfig {
[0m[32m+        // exhaustive: test fixture intentionally specifies the  boundary
[0m         // exhaustive: single per-crate construction point for trait-object holder PipelineConfig
         cancel_flag: None,
         mesh_ir,
Diff in \\?\F:\slicerProject\pinch_n_print_cli\crates\slicer-runtime\tests\common\mod.rs:159:
         modifier_volumes: Vec::new(),
         paint_data: None,
         world_z_extent: None,
[31m-    
[0m[31m-        ..Default::default()}
[0m[32m+
[0m[32m+        ..Default::default()
[0m[32m+    }
[0m }
 
 /// Reserved for future non-axis-aligned surface normal tests.
Diff in \\?\F:\slicerProject\pinch_n_print_cli\crates\slicer-runtime\tests\common\mod.rs:183:
         modifier_volumes: Vec::new(),
         paint_data: None,
         world_z_extent: None,
[31m-    
[0m[31m-        ..Default::default()}
[0m[32m+
[0m[32m+        ..Default::default()
[0m[32m+    }
[0m }
 
 // ── Ordered-entities counter serialization (D-113B) ───────────────────────
Diff in \\?\F:\slicerProject\pinch_n_print_cli\crates\slicer-runtime\tests\common\mod.rs:440:
                     retracts,
                     travel_moves,
                     order_proposal: None,
[31m-                
[0m[31m-                    ..Default::default()}))
[0m[32m+
[0m[32m+                    ..Default::default()
[0m[32m+                }))
[0m             }
         }
         _ => None,
Diff in \\?\F:\slicerProject\pinch_n_print_cli\crates\slicer-runtime\tests\common\mod.rs:459:
 // so existing test call sites can use the new trait boundary with minimal churn.
 
 pub fn layer_input<'a>(blackboard: &'a Blackboard, arena: &'a LayerArena) -> LayerStageInput<'a> {
[31m-    LayerStageInput { // exhaustive: test fixture intentionally specifies the  boundary
[0m[32m+    LayerStageInput {
[0m[32m+        // exhaustive: test fixture intentionally specifies the  boundary
[0m         mesh: blackboard.mesh().clone(),
         paint_regions: None,
         seam_plan: blackboard.seam_plan().cloned(),
Diff in \\?\F:\slicerProject\pinch_n_print_cli\crates\slicer-runtime\tests\common\mod.rs:475:
 }
 
 pub fn prepass_input(blackboard: &Blackboard) -> PrepassStageInput<'_> {
[31m-    PrepassStageInput { // exhaustive: test fixture intentionally specifies the  boundary
[0m[32m+    PrepassStageInput {
[0m[32m+        // exhaustive: test fixture intentionally specifies the  boundary
[0m         mesh: blackboard.mesh().clone(),
         layer_plan: blackboard.layer_plan().cloned(),
         slice_ir: blackboard.slice_ir().cloned(),
Diff in \\?\F:\slicerProject\pinch_n_print_cli\crates\slicer-runtime\tests\common\perimeter_harness.rs:223:
         WasmRuntimeDispatcher::new(Arc::clone(&engine)),
     ));
     let sink = capturing_runner.sink();
[31m-    let pipeline_config = PipelineConfig { // exhaustive: test fixture intentionally specifies the  boundary
[0m[32m+    let pipeline_config = PipelineConfig {
[0m[32m+        // exhaustive: test fixture intentionally specifies the  boundary
[0m         mesh_ir: mesh,
         plan,
[31m-        runners: PipelineStageRunners { // exhaustive: test fixture intentionally specifies the  boundary
[0m[32m+        runners: PipelineStageRunners {
[0m[32m+            // exhaustive: test fixture intentionally specifies the  boundary
[0m             prepass: Box::new(WasmRuntimeDispatcher::new(Arc::clone(&engine))),
             layer: Box::new(capturing_runner),
             finalization: Box::new(WasmRuntimeDispatcher::new(Arc::clone(&engine))),
Diff in \\?\F:\slicerProject\pinch_n_print_cli\crates\slicer-runtime\tests\executor\apply_commit_regression_tdd.rs:31:
         overhang_quartile: None,
         dist_to_top_mm: 0.0,
         overhang_distance_mm: None,
[31m-    ..Default::default()
[0m[32m+        ..Default::default()
[0m     }
 }
 
Diff in \\?\F:\slicerProject\pinch_n_print_cli\crates\slicer-runtime\tests\executor\apply_commit_regression_tdd.rs:87:
 
 // exhaustive: WallLoop explicit test fixture preserves boundary data
 fn synthetic_wall() -> WallLoop {
[31m-// exhaustive: WallLoop explicit test fixture preserves boundary data
[0m[32m+    // exhaustive: WallLoop explicit test fixture preserves boundary data
[0m     WallLoop {
         perimeter_index: 0,
         loop_type: LoopType::Outer,
Diff in \\?\F:\slicerProject\pinch_n_print_cli\crates\slicer-runtime\tests\executor\apply_commit_regression_tdd.rs:99:
         width_profile: WidthProfile { widths: vec![0.4] },
         feature_flags: Vec::new(),
         boundary_type: WallBoundaryType::Interior,
[31m-    // exhaustive: WallLoop fixture preserves the exact path/role test data
[0m[31m-    // exhaustive: WallLoop explicit test fixture preserves boundary data
[0m[32m+        // exhaustive: WallLoop fixture preserves the exact path/role test data
[0m[32m+        // exhaustive: WallLoop explicit test fixture preserves boundary data
[0m     }
[31m-// exhaustive: WallLoop explicit test fixture preserves boundary data
[0m[32m+    // exhaustive: WallLoop explicit test fixture preserves boundary data
[0m }
 
 /// A `LayerCollectionIR` with `n` entities, `entity_id` 1..=n at topo 0..n.
Diff in \\?\F:\slicerProject\pinch_n_print_cli\crates\slicer-runtime\tests\executor\apply_commit_regression_tdd.rs:109:
 fn layer_collection_with_entities(n: u32) -> LayerCollectionIR {
     let ordered_entities = (0..n)
[31m-// exhaustive: PrintEntity explicit test fixture preserves boundary data
[0m[32m+        // exhaustive: PrintEntity explicit test fixture preserves boundary data
[0m         .map(|i| PrintEntity {
             entity_id: (i as u64) + 1,
             path: ExtrusionPath3D {
Diff in \\?\F:\slicerProject\pinch_n_print_cli\crates\slicer-runtime\tests\executor\apply_commit_regression_tdd.rs:125:
                 variant_chain: Vec::new(),
             },
             topo_order: i,
[31m-        // exhaustive: PrintEntity fixture preserves the exact path/role test data
[0m[31m-        // exhaustive: PrintEntity explicit test fixture preserves boundary data
[0m[32m+            // exhaustive: PrintEntity fixture preserves the exact path/role test data
[0m[32m+            // exhaustive: PrintEntity explicit test fixture preserves boundary data
[0m         })
         .collect();
     LayerCollectionIR {
Diff in \\?\F:\slicerProject\pinch_n_print_cli\crates\slicer-runtime\tests\executor\apply_commit_regression_tdd.rs:169:
         infill_areas: vec![wall_inset],
         seam_candidates: Vec::new(),
         resolved_seam: None,
[31m-    ..Default::default()
[0m[32m+        ..Default::default()
[0m     });
 
     let chosen = SeamPosition {
Diff in \\?\F:\slicerProject\pinch_n_print_cli\crates\slicer-runtime\tests\executor\apply_commit_regression_tdd.rs:186:
         },
         chosen_candidate: chosen.clone(),
         scored_candidates: Vec::new(),
[31m-    ..Default::default()
[0m[32m+        ..Default::default()
[0m     });
 
     apply_for_test(
Diff in \\?\F:\slicerProject\pinch_n_print_cli\crates\slicer-runtime\tests\executor\arachne_negative_spacing_fatal.rs:146:
                 bridge_areas: vec![],
                 bridge_orientation_deg: 0.0,
                 sparse_infill_area: Vec::new(),
[31m-            ..Default::default()
[0m[32m+                ..Default::default()
[0m             }],
             ..Default::default()
         })
Diff in \\?\F:\slicerProject\pinch_n_print_cli\crates\slicer-runtime\tests\executor\arachne_negative_spacing_fatal.rs:160:
         active_regions: Vec::new(),
         has_nonplanar: false,
         is_sync_layer: false,
[31m-    ..Default::default()
[0m[32m+        ..Default::default()
[0m     };
 
     let result = crate::common::run_layer_and_commit_with_bundle(
Diff in \\?\F:\slicerProject\pinch_n_print_cli\crates\slicer-runtime\tests\executor\arachne_perimeters_simple_square.rs:170:
                 bridge_areas: vec![],
                 bridge_orientation_deg: 0.0,
                 sparse_infill_area: Vec::new(),
[31m-            ..Default::default()
[0m[32m+                ..Default::default()
[0m             }],
             ..Default::default()
         })
Diff in \\?\F:\slicerProject\pinch_n_print_cli\crates\slicer-runtime\tests\executor\arachne_perimeters_simple_square.rs:184:
         active_regions: Vec::new(),
         has_nonplanar: false,
         is_sync_layer: false,
[31m-    ..Default::default()
[0m[32m+        ..Default::default()
[0m     };
 
     crate::common::run_layer_and_commit_with_bundle(
Diff in \\?\F:\slicerProject\pinch_n_print_cli\crates\slicer-runtime\tests\executor\cube_4color_arachne.rs:165:
         progress_events: false,
         cancel_flag: None,
         config_overrides,
[31m-    ..Default::default()
[0m[32m+        ..Default::default()
[0m     }
 }
 
Diff in \\?\F:\slicerProject\pinch_n_print_cli\crates\slicer-runtime\tests\executor\cube_4color_gcode_output_tdd.rs:145:
         // Seed the planner-visible world height (run.rs reads this and injects
         // `object_height:<id>` into the config map before module dispatch).
         world_z_extent: Some((z_min, z_max)),
[31m-    ..Default::default()
[0m[32m+        ..Default::default()
[0m     };
 
     Arc::new(MeshIR {
Diff in \\?\F:\slicerProject\pinch_n_print_cli\crates\slicer-runtime\tests\executor\cube_4color_gcode_output_tdd.rs:197:
         progress_events: false,
         cancel_flag: None,
         config_overrides: std::collections::HashMap::new(),
[31m-    ..Default::default()
[0m[32m+        ..Default::default()
[0m     };
     run_slice(opts)
         .unwrap_or_else(|e| panic!("run_slice failed against {}: {e}", model_path.display()))
Diff in \\?\F:\slicerProject\pinch_n_print_cli\crates\slicer-runtime\tests\executor\cube_4color_gcode_output_tdd.rs:237:
         progress_events: false,
         cancel_flag: None,
         config_overrides: overrides,
[31m-    ..Default::default()
[0m[32m+        ..Default::default()
[0m     };
     run_slice(opts)
         .unwrap_or_else(|e| panic!("run_slice failed against {}: {e}", model_path.display()))
Diff in \\?\F:\slicerProject\pinch_n_print_cli\crates\slicer-runtime\tests\executor\cube_4color_gcode_output_tdd.rs:263:
         progress_events: false,
         cancel_flag: None,
         config_overrides: std::collections::HashMap::new(),
[31m-    ..Default::default()
[0m[32m+        ..Default::default()
[0m     };
     run_slice(opts)
         .unwrap_or_else(|e| panic!("run_slice failed against synthetic mesh {label}: {e}"))
Diff in \\?\F:\slicerProject\pinch_n_print_cli\crates\slicer-runtime\tests\executor\cube_4color_ironing_per_painted_top_color_tdd.rs:95:
             "ironing_enabled".to_string(),
             ConfigValue::Bool(true),
         )]),
[31m-    ..Default::default()
[0m[32m+        ..Default::default()
[0m     };
     run_slice(opts)
         .unwrap_or_else(|e| panic!("run_slice failed against {}: {e}", model_path.display()))
Diff in \\?\F:\slicerProject\pinch_n_print_cli\crates\slicer-runtime\tests\executor\cube_4color_paint_tdd.rs:64:
                 is_catchup_layer: false,
                 catchup_z_bottom: 0.0,
                 tool_index: 0,
[31m-            ..Default::default()
[0m[32m+                ..Default::default()
[0m             }],
             has_nonplanar: false,
             is_sync_layer: false,
Diff in \\?\F:\slicerProject\pinch_n_print_cli\crates\slicer-runtime\tests\executor\cube_4color_paint_tdd.rs:71:
[31m-        ..Default::default()
[0m[32m+            ..Default::default()
[0m         })
         .collect();
     Arc::new(LayerPlanIR {
Diff in \\?\F:\slicerProject\pinch_n_print_cli\crates\slicer-runtime\tests\executor\cube_4color_phase5_tdd.rs:71:
         progress_events: false,
         cancel_flag: None,
         config_overrides: std::collections::HashMap::new(),
[31m-    ..Default::default()
[0m[32m+        ..Default::default()
[0m     };
     run_slice(opts)
         .unwrap_or_else(|e| panic!("run_slice failed: {e}"))
Diff in \\?\F:\slicerProject\pinch_n_print_cli\crates\slicer-runtime\tests\executor\cube_4color_sparse_infill_per_painted_region_tdd.rs:72:
         progress_events: false,
         cancel_flag: None,
         config_overrides: std::collections::HashMap::new(),
[31m-    ..Default::default()
[0m[32m+        ..Default::default()
[0m     };
     run_slice(opts)
         .unwrap_or_else(|e| panic!("run_slice failed against {}: {e}", model_path.display()))
Diff in \\?\F:\slicerProject\pinch_n_print_cli\crates\slicer-runtime\tests\executor\cube_fuzzy_painted_tdd.rs:66:
                 is_catchup_layer: false,
                 catchup_z_bottom: 0.0,
                 tool_index: 0,
[31m-            ..Default::default()
[0m[32m+                ..Default::default()
[0m             }],
             has_nonplanar: false,
             is_sync_layer: false,
Diff in \\?\F:\slicerProject\pinch_n_print_cli\crates\slicer-runtime\tests\executor\cube_fuzzy_painted_tdd.rs:73:
[31m-        ..Default::default()
[0m[32m+            ..Default::default()
[0m         })
         .collect();
     Arc::new(LayerPlanIR {
Diff in \\?\F:\slicerProject\pinch_n_print_cli\crates\slicer-runtime\tests\executor\cube_fuzzy_painted_tdd.rs:574:
         "subtype".to_string(),
         ConfigValue::String("support_enforcer".to_string()),
     );
[31m-// exhaustive: ModifierVolume explicit test fixture preserves boundary data
[0m[32m+    // exhaustive: ModifierVolume explicit test fixture preserves boundary data
[0m     let mv = ModifierVolume {
         id: "mv_enforcer".to_string(),
         mesh: mv_mesh,
Diff in \\?\F:\slicerProject\pinch_n_print_cli\crates\slicer-runtime\tests\executor\cube_fuzzy_painted_tdd.rs:581:
         config_delta: ConfigDelta { fields: mv_fields },
         priority: 0,
         applies_to: ModifierScope::AllFeatures,
[31m-    // exhaustive: ModifierVolume boundary/test fixture requires explicit field construction
[0m[31m-    // exhaustive: ModifierVolume explicit test fixture preserves boundary data
[0m[32m+        // exhaustive: ModifierVolume boundary/test fixture requires explicit field construction
[0m[32m+        // exhaustive: ModifierVolume explicit test fixture preserves boundary data
[0m     };
 
     // FuzzySkin PaintLayer: one facet painted Flag(true) so mesh_has_any_paint passes.
Diff in \\?\F:\slicerProject\pinch_n_print_cli\crates\slicer-runtime\tests\executor\cube_fuzzy_painted_tdd.rs:616:
                 layers: vec![paint_layer],
             }),
             world_z_extent: None,
[31m-        ..Default::default()
[0m[32m+            ..Default::default()
[0m         }],
         build_volume: BoundingBox3 {
             min: Point3 {
Diff in \\?\F:\slicerProject\pinch_n_print_cli\crates\slicer-runtime\tests\executor\finalization_builder_insert.rs:25:
         overhang_quartile: None,
         dist_to_top_mm: 0.0,
         overhang_distance_mm: None,
[31m-    ..Default::default()
[0m[32m+        ..Default::default()
[0m     }
 }
 
Diff in \\?\F:\slicerProject\pinch_n_print_cli\crates\slicer-runtime\tests\executor\finalization_builder_insert.rs:48:
 
 // exhaustive: PrintEntity explicit test fixture preserves boundary data
 fn make_entity(entity_id: u64, layer: u32) -> PrintEntity {
[31m-// exhaustive: PrintEntity explicit test fixture preserves boundary data
[0m[32m+    // exhaustive: PrintEntity explicit test fixture preserves boundary data
[0m     PrintEntity {
         entity_id,
         path: path(),
Diff in \\?\F:\slicerProject\pinch_n_print_cli\crates\slicer-runtime\tests\executor\finalization_builder_insert.rs:56:
         tool_index: 1,
         region_key: region_key(layer),
         topo_order: (entity_id - 1) as u32,
[31m-    // exhaustive: PrintEntity fixture preserves the exact path/role test data
[0m[31m-    // exhaustive: PrintEntity explicit test fixture preserves boundary data
[0m[32m+        // exhaustive: PrintEntity fixture preserves the exact path/role test data
[0m[32m+        // exhaustive: PrintEntity explicit test fixture preserves boundary data
[0m     }
[31m-// exhaustive: PrintEntity explicit test fixture preserves boundary data
[0m[32m+    // exhaustive: PrintEntity explicit test fixture preserves boundary data
[0m }
 
 fn layer_with_3_entities() -> LayerCollectionIR {
Diff in \\?\F:\slicerProject\pinch_n_print_cli\crates\slicer-runtime\tests\executor\finalization_builder_permute.rs:25:
         overhang_quartile: None,
         dist_to_top_mm: 0.0,
         overhang_distance_mm: None,
[31m-    ..Default::default()
[0m[32m+        ..Default::default()
[0m     }
 }
 
Diff in \\?\F:\slicerProject\pinch_n_print_cli\crates\slicer-runtime\tests\executor\finalization_builder_permute.rs:48:
 
 // exhaustive: PrintEntity explicit test fixture preserves boundary data
 fn make_entity(entity_id: u64, layer: u32) -> PrintEntity {
[31m-// exhaustive: PrintEntity explicit test fixture preserves boundary data
[0m[32m+    // exhaustive: PrintEntity explicit test fixture preserves boundary data
[0m     PrintEntity {
         entity_id,
         path: path(),
Diff in \\?\F:\slicerProject\pinch_n_print_cli\crates\slicer-runtime\tests\executor\finalization_builder_permute.rs:56:
         tool_index: 1,
         region_key: region_key(layer),
         topo_order: (entity_id - 1) as u32,
[31m-    // exhaustive: PrintEntity fixture preserves the exact path/role test data
[0m[31m-    // exhaustive: PrintEntity explicit test fixture preserves boundary data
[0m[32m+        // exhaustive: PrintEntity fixture preserves the exact path/role test data
[0m[32m+        // exhaustive: PrintEntity explicit test fixture preserves boundary data
[0m     }
[31m-// exhaustive: PrintEntity explicit test fixture preserves boundary data
[0m[32m+    // exhaustive: PrintEntity explicit test fixture preserves boundary data
[0m }
 
 fn layer_with_3_entities() -> LayerCollectionIR {
Diff in \\?\F:\slicerProject\pinch_n_print_cli\crates\slicer-runtime\tests\executor\finalization_builder_readback.rs:25:
         overhang_quartile: None,
         dist_to_top_mm: 0.0,
         overhang_distance_mm: None,
[31m-    ..Default::default()
[0m[32m+        ..Default::default()
[0m     }
 }
 
Diff in \\?\F:\slicerProject\pinch_n_print_cli\crates\slicer-runtime\tests\executor\finalization_builder_readback.rs:48:
 
 // exhaustive: PrintEntity explicit test fixture preserves boundary data
 fn make_entity(entity_id: u64, layer: u32) -> PrintEntity {
[31m-// exhaustive: PrintEntity explicit test fixture preserves boundary data
[0m[32m+    // exhaustive: PrintEntity explicit test fixture preserves boundary data
[0m     PrintEntity {
         entity_id,
         path: path(),
Diff in \\?\F:\slicerProject\pinch_n_print_cli\crates\slicer-runtime\tests\executor\finalization_builder_readback.rs:56:
         tool_index: 1,
         region_key: region_key(layer),
         topo_order: (entity_id - 1) as u32,
[31m-    // exhaustive: PrintEntity fixture preserves the exact path/role test data
[0m[31m-    // exhaustive: PrintEntity explicit test fixture preserves boundary data
[0m[32m+        // exhaustive: PrintEntity fixture preserves the exact path/role test data
[0m[32m+        // exhaustive: PrintEntity explicit test fixture preserves boundary data
[0m     }
[31m-// exhaustive: PrintEntity explicit test fixture preserves boundary data
[0m[32m+    // exhaustive: PrintEntity explicit test fixture preserves boundary data
[0m }
 
 fn layer_with_2_entities() -> LayerCollectionIR {
Diff in \\?\F:\slicerProject\pinch_n_print_cli\crates\slicer-runtime\tests\executor\finalization_live_tdd.rs:67:
             modifier_volumes: vec![],
             paint_data: None,
             world_z_extent: None,
[31m-        ..Default::default()
[0m[32m+            ..Default::default()
[0m         }],
         build_volume: BoundingBox3 {
             min: Point3 {
Diff in \\?\F:\slicerProject\pinch_n_print_cli\crates\slicer-runtime\tests\executor\finalization_live_tdd.rs:137:
 
 // exhaustive: PrintEntity explicit test fixture preserves boundary data
 fn model_entity(layer_index: u32, z: f32) -> PrintEntity {
[31m-// exhaustive: PrintEntity explicit test fixture preserves boundary data
[0m[32m+    // exhaustive: PrintEntity explicit test fixture preserves boundary data
[0m     PrintEntity {
         entity_id: 1,
         path: ExtrusionPath3D {
Diff in \\?\F:\slicerProject\pinch_n_print_cli\crates\slicer-runtime\tests\executor\finalization_live_tdd.rs:151:
                     overhang_quartile: None,
                     dist_to_top_mm: 0.0,
                     overhang_distance_mm: None,
[31m-                ..Default::default()
[0m[32m+                    ..Default::default()
[0m                 },
                 Point3WithWidth {
                     x: 20.0,
Diff in \\?\F:\slicerProject\pinch_n_print_cli\crates\slicer-runtime\tests\executor\finalization_live_tdd.rs:162:
                     overhang_quartile: None,
                     dist_to_top_mm: 0.0,
                     overhang_distance_mm: None,
[31m-                ..Default::default()
[0m[32m+                    ..Default::default()
[0m                 },
             ],
             role: ExtrusionRole::OuterWall,
Diff in \\?\F:\slicerProject\pinch_n_print_cli\crates\slicer-runtime\tests\executor\finalization_live_tdd.rs:177:
             variant_chain: Vec::new(),
         },
         topo_order: 0,
[31m-    // exhaustive: PrintEntity explicit test fixture preserves boundary data
[0m[32m+        // exhaustive: PrintEntity explicit test fixture preserves boundary data
[0m     }
[31m-// exhaustive: PrintEntity explicit test fixture preserves boundary data
[0m[32m+    // exhaustive: PrintEntity explicit test fixture preserves boundary data
[0m }
 
 fn make_layer(index: u32, z: f32, entities: Vec<PrintEntity>) -> LayerCollectionIR {
Diff in \\?\F:\slicerProject\pinch_n_print_cli\crates\slicer-runtime\tests\executor\finalization_live_tdd.rs:194:
         annotations: vec![],
         retracts: vec![],
         travel_moves: vec![],
[31m-    ..Default::default()
[0m[32m+        ..Default::default()
[0m     }
 }
 
Diff in \\?\F:\slicerProject\pinch_n_print_cli\crates\slicer-runtime\tests\executor\finalization_live_tdd.rs:257:
         annotations: vec![],
         retracts: vec![],
         travel_moves: vec![],
[31m-    ..Default::default()
[0m[32m+        ..Default::default()
[0m     }
 }
 
Diff in \\?\F:\slicerProject\pinch_n_print_cli\crates\slicer-runtime\tests\executor\finalization_mutation_roundtrip_tdd.rs:66:
             modifier_volumes: vec![],
             paint_data: None,
             world_z_extent: None,
[31m-        ..Default::default()
[0m[32m+            ..Default::default()
[0m         }],
         build_volume: BoundingBox3 {
             min: Point3 {
Diff in \\?\F:\slicerProject\pinch_n_print_cli\crates\slicer-runtime\tests\executor\finalization_mutation_roundtrip_tdd.rs:147:
 /// One entity with entity_id = 1 and speed_factor = 1.0.
 // exhaustive: PrintEntity explicit test fixture preserves boundary data
 fn entity_with_id(entity_id: u64, layer_index: u32, z: f32, speed_factor: f32) -> PrintEntity {
[31m-// exhaustive: PrintEntity explicit test fixture preserves boundary data
[0m[32m+    // exhaustive: PrintEntity explicit test fixture preserves boundary data
[0m     PrintEntity {
         entity_id,
         path: ExtrusionPath3D {
Diff in \\?\F:\slicerProject\pinch_n_print_cli\crates\slicer-runtime\tests\executor\finalization_mutation_roundtrip_tdd.rs:161:
                     overhang_quartile: None,
                     dist_to_top_mm: 0.0,
                     overhang_distance_mm: None,
[31m-                ..Default::default()
[0m[32m+                    ..Default::default()
[0m                 },
                 Point3WithWidth {
                     x: 20.0,
Diff in \\?\F:\slicerProject\pinch_n_print_cli\crates\slicer-runtime\tests\executor\finalization_mutation_roundtrip_tdd.rs:172:
                     overhang_quartile: None,
                     dist_to_top_mm: 0.0,
                     overhang_distance_mm: None,
[31m-                ..Default::default()
[0m[32m+                    ..Default::default()
[0m                 },
             ],
             role: ExtrusionRole::OuterWall,
Diff in \\?\F:\slicerProject\pinch_n_print_cli\crates\slicer-runtime\tests\executor\finalization_mutation_roundtrip_tdd.rs:187:
             variant_chain: Vec::new(),
         },
         topo_order: 0,
[31m-    // exhaustive: PrintEntity explicit test fixture preserves boundary data
[0m[32m+        // exhaustive: PrintEntity explicit test fixture preserves boundary data
[0m     }
[31m-// exhaustive: PrintEntity explicit test fixture preserves boundary data
[0m[32m+    // exhaustive: PrintEntity explicit test fixture preserves boundary data
[0m }
 
 fn make_layer(index: u32, z: f32, entities: Vec<PrintEntity>) -> LayerCollectionIR {
Diff in \\?\F:\slicerProject\pinch_n_print_cli\crates\slicer-runtime\tests\executor\finalization_mutation_roundtrip_tdd.rs:204:
         annotations: vec![],
         retracts: vec![],
         travel_moves: vec![],
[31m-    ..Default::default()
[0m[32m+        ..Default::default()
[0m     }
 }
 
Diff in \\?\F:\slicerProject\pinch_n_print_cli\crates\slicer-runtime\tests\executor\finalization_world_deep_copy_tdd.rs:106:
         .ordered_entities
         .first()
         .expect("witness entity prepended")
[31m-// exhaustive: PrintEntity explicit test fixture preserves boundary data
[0m[32m+    // exhaustive: PrintEntity explicit test fixture preserves boundary data
[0m }
 
 fn make_entity(
Diff in \\?\F:\slicerProject\pinch_n_print_cli\crates\slicer-runtime\tests\executor\finalization_world_deep_copy_tdd.rs:114:
     topo_order: u32,
     point_count: usize,
     speed_factor: f32,
[31m-// exhaustive: PrintEntity explicit test fixture preserves boundary data
[0m[32m+    // exhaustive: PrintEntity explicit test fixture preserves boundary data
[0m ) -> PrintEntity {
[31m-// exhaustive: PrintEntity explicit test fixture preserves boundary data
[0m[32m+    // exhaustive: PrintEntity explicit test fixture preserves boundary data
[0m     PrintEntity {
         entity_id: (topo_order as u64) + 1,
         path: ExtrusionPath3D {
Diff in \\?\F:\slicerProject\pinch_n_print_cli\crates\slicer-runtime\tests\executor\finalization_world_deep_copy_tdd.rs:130:
                     overhang_quartile: None,
                     dist_to_top_mm: 0.0,
                     overhang_distance_mm: None,
[31m-                ..Default::default()
[0m[32m+                    ..Default::default()
[0m                 })
                 .collect(),
             role: ExtrusionRole::OuterWall,
Diff in \\?\F:\slicerProject\pinch_n_print_cli\crates\slicer-runtime\tests\executor\finalization_world_deep_copy_tdd.rs:145:
             variant_chain: Vec::new(),
         },
         topo_order,
[31m-    // exhaustive: PrintEntity explicit test fixture preserves boundary data
[0m[32m+        // exhaustive: PrintEntity explicit test fixture preserves boundary data
[0m     }
[31m-// exhaustive: PrintEntity explicit test fixture preserves boundary data
[0m[32m+    // exhaustive: PrintEntity explicit test fixture preserves boundary data
[0m }
 
 fn make_layer(
Diff in \\?\F:\slicerProject\pinch_n_print_cli\crates\slicer-runtime\tests\executor\finalization_world_deep_copy_tdd.rs:168:
         annotations: Vec::new(),
         retracts: Vec::new(),
         travel_moves: Vec::new(),
[31m-    ..Default::default()
[0m[32m+        ..Default::default()
[0m     }
 }
 
Diff in \\?\F:\slicerProject\pinch_n_print_cli\crates\slicer-runtime\tests\executor\infill_linker_pipeline_smoke_tdd.rs:34:
                 overhang_quartile: None,
                 dist_to_top_mm: 0.0,
                 overhang_distance_mm: None,
[31m-            ..Default::default()
[0m[32m+                ..Default::default()
[0m             },
             Point3WithWidth {
                 x: x_end,
Diff in \\?\F:\slicerProject\pinch_n_print_cli\crates\slicer-runtime\tests\executor\infill_linker_pipeline_smoke_tdd.rs:45:
                 overhang_quartile: None,
                 dist_to_top_mm: 0.0,
                 overhang_distance_mm: None,
[31m-            ..Default::default()
[0m[32m+                ..Default::default()
[0m             },
         ],
         role: ExtrusionRole::SparseInfill,
Diff in \\?\F:\slicerProject\pinch_n_print_cli\crates\slicer-runtime\tests\executor\infill_linker_pipeline_smoke_tdd.rs:81:
             ],
             solid_infill: Vec::new(),
             ironing: Vec::new(),
[31m-        ..Default::default()
[0m[32m+            ..Default::default()
[0m         }],
     }
 }
Diff in \\?\F:\slicerProject\pinch_n_print_cli\crates\slicer-runtime\tests\executor\infill_linker_pipeline_smoke_tdd.rs:107:
             bridge_areas: Vec::new(),
             bridge_orientation_deg: 0.0,
             sparse_infill_area: vec![square()],
[31m-        ..Default::default()
[0m[32m+            ..Default::default()
[0m         }],
         ..Default::default()
     }
Diff in \\?\F:\slicerProject\pinch_n_print_cli\crates\slicer-runtime\tests\executor\infill_linker_pipeline_smoke_tdd.rs:125:
             seam_candidates: Vec::new(),
             resolved_seam: None,
             variant_chain: Vec::new(),
[31m-        ..Default::default()
[0m[32m+            ..Default::default()
[0m         }],
     }
 }
Diff in \\?\F:\slicerProject\pinch_n_print_cli\crates\slicer-runtime\tests\executor\infill_linker_pipeline_smoke_tdd.rs:197:
         active_regions: Vec::new(),
         has_nonplanar: false,
         is_sync_layer: false,
[31m-    ..Default::default()
[0m[32m+        ..Default::default()
[0m     };
     let blackboard = Blackboard::new(Arc::new(MeshIR::default()), 1);
     let mut arena = LayerArena::new();
Diff in \\?\F:\slicerProject\pinch_n_print_cli\crates\slicer-runtime\tests\executor\layer_finalization_tdd.rs:314:
         region_plans: Arc::new(HashMap::new()),
         module_region_index: HashMap::new(),
         aggregated_region_split: BTreeMap::new(),
[31m-    ..Default::default()
[0m[32m+        ..Default::default()
[0m     }
 }
 
Diff in \\?\F:\slicerProject\pinch_n_print_cli\crates\slicer-runtime\tests\executor\layer_finalization_tdd.rs:385:
             modifier_volumes: Vec::new(),
             paint_data: None,
             world_z_extent: None,
[31m-        ..Default::default()
[0m[32m+            ..Default::default()
[0m         }],
         build_volume: BoundingBox3 {
             min: Point3 {
Diff in \\?\F:\slicerProject\pinch_n_print_cli\crates\slicer-runtime\tests\executor\layer_finalization_tdd.rs:414:
         annotations: Vec::new(),
         retracts: Vec::new(),
         travel_moves: Vec::new(),
[31m-    ..Default::default()
[0m[32m+        ..Default::default()
[0m     }
 }
 
Diff in \\?\F:\slicerProject\pinch_n_print_cli\crates\slicer-runtime\tests\executor\layer_slice_tdd.rs:90:
             modifier_volumes: Vec::new(),
             paint_data: None,
             world_z_extent: None,
[31m-        ..Default::default()
[0m[32m+            ..Default::default()
[0m         }],
         build_volume: BoundingBox3 {
             min: Point3 {
Diff in \\?\F:\slicerProject\pinch_n_print_cli\crates\slicer-runtime\tests\executor\layer_slice_tdd.rs:121:
             is_catchup_layer: false,
             catchup_z_bottom: 0.0,
             tool_index: 0,
[31m-        ..Default::default()
[0m[32m+            ..Default::default()
[0m         }],
         has_nonplanar: false,
         is_sync_layer: false,
Diff in \\?\F:\slicerProject\pinch_n_print_cli\crates\slicer-runtime\tests\executor\layer_slice_tdd.rs:128:
[31m-    ..Default::default()
[0m[32m+        ..Default::default()
[0m     }
 }
 
Diff in \\?\F:\slicerProject\pinch_n_print_cli\crates\slicer-runtime\tests\executor\layer_slice_tdd.rs:197:
         region_plans: Arc::new(HashMap::new()),
         module_region_index: HashMap::new(),
         aggregated_region_split: BTreeMap::new(),
[31m-    ..Default::default()
[0m[32m+        ..Default::default()
[0m     }
 }
 
Diff in \\?\F:\slicerProject\pinch_n_print_cli\crates\slicer-runtime\tests\executor\layer_slice_tdd.rs:319:
                 is_catchup_layer: false,
                 catchup_z_bottom: 0.0,
                 tool_index: 0,
[31m-            ..Default::default()
[0m[32m+                ..Default::default()
[0m             }],
             has_nonplanar: false,
             is_sync_layer: false,
Diff in \\?\F:\slicerProject\pinch_n_print_cli\crates\slicer-runtime\tests\executor\layer_slice_tdd.rs:326:
[31m-        ..Default::default()
[0m[32m+            ..Default::default()
[0m         };
         let slice =
             execute_prepass_slice_single_layer(&mesh, &layer, None, None).expect("slice ok");
Diff in \\?\F:\slicerProject\pinch_n_print_cli\crates\slicer-runtime\tests\executor\layer_slice_tdd.rs:372:
             is_catchup_layer: false,
             catchup_z_bottom: 0.0,
             tool_index: 0,
[31m-        ..Default::default()
[0m[32m+            ..Default::default()
[0m         }],
         has_nonplanar: false,
         is_sync_layer: false,
Diff in \\?\F:\slicerProject\pinch_n_print_cli\crates\slicer-runtime\tests\executor\layer_slice_tdd.rs:379:
[31m-    ..Default::default()
[0m[32m+        ..Default::default()
[0m     };
     let a = execute_prepass_slice_single_layer(&mesh, &layer, None, None).expect("slice a");
     let b = execute_prepass_slice_single_layer(&mesh, &layer, None, None).expect("slice b");
Diff in \\?\F:\slicerProject\pinch_n_print_cli\crates\slicer-runtime\tests\executor\layer_slice_tdd.rs:447:
             is_catchup_layer: true,
             catchup_z_bottom: 0.3,
             tool_index: 0,
[31m-        ..Default::default()
[0m[32m+            ..Default::default()
[0m         }],
         has_nonplanar: false,
         is_sync_layer: false,
Diff in \\?\F:\slicerProject\pinch_n_print_cli\crates\slicer-runtime\tests\executor\layer_slice_tdd.rs:454:
[31m-    ..Default::default()
[0m[32m+        ..Default::default()
[0m     };
 
     let slice = execute_prepass_slice_single_layer(&mesh, &layer, None, None).expect("slice ok");
Diff in \\?\F:\slicerProject\pinch_n_print_cli\crates\slicer-runtime\tests\executor\layer_world_deep_copy_tdd.rs:122:
             overhang_quartile: None,
             dist_to_top_mm: 0.0,
             overhang_distance_mm: None,
[31m-        ..Default::default()
[0m[32m+            ..Default::default()
[0m         },
         Point3WithWidth {
             x: perimeter_index as f32 + 0.5,
Diff in \\?\F:\slicerProject\pinch_n_print_cli\crates\slicer-runtime\tests\executor\layer_world_deep_copy_tdd.rs:133:
             overhang_quartile: None,
             dist_to_top_mm: 0.0,
             overhang_distance_mm: None,
[31m-        ..Default::default()
[0m[32m+            ..Default::default()
[0m         },
     ];
[31m-// exhaustive: WallLoop explicit test fixture preserves boundary data
[0m[32m+    // exhaustive: WallLoop explicit test fixture preserves boundary data
[0m     WallLoop {
         perimeter_index,
         loop_type: LoopType::Outer,
Diff in \\?\F:\slicerProject\pinch_n_print_cli\crates\slicer-runtime\tests\executor\layer_world_deep_copy_tdd.rs:157:
                 is_thin_wall: false,
                 skip_ironing: false,
                 custom: HashMap::new(),
[31m-            ..Default::default()
[0m[32m+                ..Default::default()
[0m             })
             .collect(),
         boundary_type: WallBoundaryType::Interior,
Diff in \\?\F:\slicerProject\pinch_n_print_cli\crates\slicer-runtime\tests\executor\layer_world_deep_copy_tdd.rs:164:
[31m-    // exhaustive: WallLoop explicit test fixture preserves boundary data
[0m[32m+        // exhaustive: WallLoop explicit test fixture preserves boundary data
[0m     }
[31m-// exhaustive: WallLoop explicit test fixture preserves boundary data
[0m[32m+    // exhaustive: WallLoop explicit test fixture preserves boundary data
[0m }
 
 fn make_perimeter_ir_with_ids(layer_index: u32, ids: &[(&str, u64)]) -> PerimeterIR {
Diff in \\?\F:\slicerProject\pinch_n_print_cli\crates\slicer-runtime\tests\executor\layer_world_deep_copy_tdd.rs:191:
             }],
             seam_candidates: Vec::new(),
             resolved_seam: None,
[31m-        ..Default::default()
[0m[32m+            ..Default::default()
[0m         })
         .collect();
     PerimeterIR {
Diff in \\?\F:\slicerProject\pinch_n_print_cli\crates\slicer-runtime\tests\executor\layer_world_deep_copy_tdd.rs:274:
             active_regions: Vec::new(),
             has_nonplanar: false,
             is_sync_layer: false,
[31m-        ..Default::default()
[0m[32m+            ..Default::default()
[0m         }]),
         region_plans: Arc::new(HashMap::new()),
         module_region_index: HashMap::new(),
Diff in \\?\F:\slicerProject\pinch_n_print_cli\crates\slicer-runtime\tests\executor\layer_world_deep_copy_tdd.rs:281:
         aggregated_region_split: BTreeMap::new(),
[31m-    ..Default::default()
[0m[32m+        ..Default::default()
[0m     };
     let mut blackboard = Blackboard::new(empty_mesh_ir(), 1);
     seed_slice_ir(&mut blackboard, &plan);
Diff in \\?\F:\slicerProject\pinch_n_print_cli\crates\slicer-runtime\tests\executor\lightning_pipeline_linked_tdd.rs:59:
             bridge_areas: Vec::new(),
             bridge_orientation_deg: 0.0,
             sparse_infill_area: vec![square()],
[31m-        ..Default::default()
[0m[32m+            ..Default::default()
[0m         }],
     }
 }
Diff in \\?\F:\slicerProject\pinch_n_print_cli\crates\slicer-runtime\tests\executor\lightning_prepass_tdd.rs:68:
             active_regions: vec![],
             has_nonplanar: false,
             is_sync_layer: false,
[31m-        ..Default::default()
[0m[32m+            ..Default::default()
[0m         })
         .collect();
 
Diff in \\?\F:\slicerProject\pinch_n_print_cli\crates\slicer-runtime\tests\executor\lightning_prepass_tdd.rs:149:
         region_plans: Arc::new(HashMap::new()),
         module_region_index: HashMap::new(),
         aggregated_region_split: BTreeMap::new(),
[31m-    ..Default::default()
[0m[32m+        ..Default::default()
[0m     }
 }
 
Diff in \\?\F:\slicerProject\pinch_n_print_cli\crates\slicer-runtime\tests\executor\live_layer_support_tdd.rs:46:
                 overhang_quartile: None,
                 dist_to_top_mm: 0.0,
                 overhang_distance_mm: None,
[31m-            ..Default::default()
[0m[32m+                ..Default::default()
[0m             },
             Point3WithWidth {
                 x: x2,
Diff in \\?\F:\slicerProject\pinch_n_print_cli\crates\slicer-runtime\tests\executor\live_layer_support_tdd.rs:57:
                 overhang_quartile: None,
                 dist_to_top_mm: 0.0,
                 overhang_distance_mm: None,
[31m-            ..Default::default()
[0m[32m+                ..Default::default()
[0m             },
         ],
         role: IrExtrusionRole::SupportMaterial,
Diff in \\?\F:\slicerProject\pinch_n_print_cli\crates\slicer-runtime\tests\executor\live_layer_support_tdd.rs:82:
         interface_paths: vec![],
         raft_paths: vec![],
         ironing_paths: vec![],
[31m-    ..Default::default()
[0m[32m+        ..Default::default()
[0m     }))
 }
 
Diff in \\?\F:\slicerProject\pinch_n_print_cli\crates\slicer-runtime\tests\executor\live_layer_support_tdd.rs:513:
             bridge_areas: vec![],
             bridge_orientation_deg: 0.0,
             sparse_infill_area: Vec::new(),
[31m-        ..Default::default()
[0m[32m+            ..Default::default()
[0m         })
         .collect();
 
Diff in \\?\F:\slicerProject\pinch_n_print_cli\crates\slicer-runtime\tests\executor\live_layer_support_tdd.rs:592:
         active_regions: vec![],
         has_nonplanar: false,
         is_sync_layer: false,
[31m-    ..Default::default()
[0m[32m+        ..Default::default()
[0m     };
 
     let mut arena = LayerArena::new();
Diff in \\?\F:\slicerProject\pinch_n_print_cli\crates\slicer-runtime\tests\executor\live_layer_support_tdd.rs:697:
         active_regions: vec![],
         has_nonplanar: false,
         is_sync_layer: false,
[31m-    ..Default::default()
[0m[32m+        ..Default::default()
[0m     };
 
     let mut arena = LayerArena::new();
Diff in \\?\F:\slicerProject\pinch_n_print_cli\crates\slicer-runtime\tests\executor\live_layer_support_tdd.rs:804:
         active_regions: vec![],
         has_nonplanar: false,
         is_sync_layer: false,
[31m-    ..Default::default()
[0m[32m+        ..Default::default()
[0m     };
 
     let run_dispatch = |bb: &Blackboard, layer: &GlobalLayer| {
Diff in \\?\F:\slicerProject\pinch_n_print_cli\crates\slicer-runtime\tests\executor\live_layer_support_tdd.rs:1026:
             bridge_areas: vec![],
             bridge_orientation_deg: 0.0,
             sparse_infill_area: Vec::new(),
[31m-        ..Default::default()
[0m[32m+            ..Default::default()
[0m         };
         slicer_ir::SliceIR {
             global_layer_index: layer_index,
Diff in \\?\F:\slicerProject\pinch_n_print_cli\crates\slicer-runtime\tests\executor\live_layer_support_tdd.rs:1036:
         }
     }
 
[31m-// exhaustive: Blackboard explicit test fixture preserves boundary data
[0m[32m+    // exhaustive: Blackboard explicit test fixture preserves boundary data
[0m     fn empty_blackboard_with_support_plan(plan: Option<Arc<SupportPlanIR>>) -> Blackboard {
         let mesh = Arc::new(MeshIR {
             build_volume: BoundingBox3 {
Diff in \\?\F:\slicerProject\pinch_n_print_cli\crates\slicer-runtime\tests\executor\live_layer_support_tdd.rs:1055:
                 .expect("commit_support_plan must succeed");
         }
         bb
[31m-    // exhaustive: Blackboard explicit test fixture preserves boundary data
[0m[32m+        // exhaustive: Blackboard explicit test fixture preserves boundary data
[0m     }
 
     fn dispatch_support(
Diff in \\?\F:\slicerProject\pinch_n_print_cli\crates\slicer-runtime\tests\executor\live_layer_support_tdd.rs:1063:
         manifest_id: &str,
         manifest_reads: Vec<&str>,
         plan: Option<Arc<SupportPlanIR>>,
[31m-// exhaustive: SupportIR explicit test fixture preserves boundary data
[0m[32m+        // exhaustive: SupportIR explicit test fixture preserves boundary data
[0m     ) -> slicer_ir::SupportIR {
         let engine = wasm_cache::shared_engine();
         let dispatcher = WasmRuntimeDispatcher::new(Arc::clone(&engine));
Diff in \\?\F:\slicerProject\pinch_n_print_cli\crates\slicer-runtime\tests\executor\live_layer_support_tdd.rs:1080:
             active_regions: vec![],
             has_nonplanar: false,
             is_sync_layer: false,
[31m-        ..Default::default()
[0m[32m+            ..Default::default()
[0m         };
 
         let mut arena = LayerArena::new();
Diff in \\?\F:\slicerProject\pinch_n_print_cli\crates\slicer-runtime\tests\executor\live_layer_support_tdd.rs:1098:
         .expect("Layer::Support dispatch must succeed");
 
         arena.take_support().expect("SupportIR must be committed")
[31m-    // exhaustive: SupportIR explicit test fixture preserves boundary data
[0m[32m+        // exhaustive: SupportIR explicit test fixture preserves boundary data
[0m     }
 
     fn make_planned_segment(layer_z: f32) -> ExtrusionPath3D {
Diff in \\?\F:\slicerProject\pinch_n_print_cli\crates\slicer-runtime\tests\executor\live_layer_support_tdd.rs:1113:
                     overhang_quartile: None,
                     dist_to_top_mm: 0.0,
                     overhang_distance_mm: None,
[31m-                ..Default::default()
[0m[32m+                    ..Default::default()
[0m                 },
                 Point3WithWidth {
                     x: 7.0,
Diff in \\?\F:\slicerProject\pinch_n_print_cli\crates\slicer-runtime\tests\executor\live_layer_support_tdd.rs:1124:
                     overhang_quartile: None,
                     dist_to_top_mm: 0.0,
                     overhang_distance_mm: None,
[31m-                ..Default::default()
[0m[32m+                    ..Default::default()
[0m                 },
             ],
             role: ExtrusionRole::SupportMaterial,
Diff in \\?\F:\slicerProject\pinch_n_print_cli\crates\slicer-runtime\tests\executor\live_layer_support_tdd.rs:1298:
                         overhang_quartile: None,
                         dist_to_top_mm: 0.0,
                         overhang_distance_mm: None,
[31m-                    ..Default::default()
[0m[32m+                        ..Default::default()
[0m                     },
                     Point3WithWidth {
                         x: 7.0,
Diff in \\?\F:\slicerProject\pinch_n_print_cli\crates\slicer-runtime\tests\executor\live_layer_support_tdd.rs:1309:
                         overhang_quartile: None,
                         dist_to_top_mm: 0.0,
                         overhang_distance_mm: None,
[31m-                    ..Default::default()
[0m[32m+                        ..Default::default()
[0m                     },
                 ],
                 role: IrExtrusionRole::SupportMaterial,
Diff in \\?\F:\slicerProject\pinch_n_print_cli\crates\slicer-runtime\tests\executor\live_layer_support_tdd.rs:1370:
                 bridge_areas: vec![],
                 bridge_orientation_deg: 0.0,
                 sparse_infill_area: Vec::new(),
[31m-            ..Default::default()
[0m[32m+                ..Default::default()
[0m             }],
             ..Default::default()
         };
Diff in \\?\F:\slicerProject\pinch_n_print_cli\crates\slicer-runtime\tests\executor\live_layer_support_tdd.rs:1399:
             active_regions: vec![],
             has_nonplanar: false,
             is_sync_layer: false,
[31m-        ..Default::default()
[0m[32m+            ..Default::default()
[0m         };
 
         let mut arena = LayerArena::new();
Diff in \\?\F:\slicerProject\pinch_n_print_cli\crates\slicer-runtime\tests\executor\live_travel_policy_tdd.rs:59:
                     speed: r.speed,
                     is_unretract: r.is_unretract,
                     mode: r.mode,
[31m-                ..Default::default()
[0m[32m+                    ..Default::default()
[0m                 }),
         );
     layer_collection
Diff in \\?\F:\slicerProject\pinch_n_print_cli\crates\slicer-runtime\tests\executor\live_travel_policy_tdd.rs:74:
                 y: m.y,
                 z: m.z,
                 f: m.f,
[31m-            ..Default::default()
[0m[32m+                ..Default::default()
[0m             }
         }));
     layer_collection
Diff in \\?\F:\slicerProject\pinch_n_print_cli\crates\slicer-runtime\tests\executor\live_travel_policy_tdd.rs:81:
[31m-
[0m }
 
 /// AC positive: retracting travel populates a matching ZHop and retract pair.
Diff in \\?\F:\slicerProject\pinch_n_print_cli\crates\slicer-runtime\tests\executor\live_travel_policy_tdd.rs:105:
         });
     ctx.gcode_output_mut()
         .commands
[31m-// exhaustive: GcodeMoveCmd explicit test fixture preserves boundary data
[0m[32m+        // exhaustive: GcodeMoveCmd explicit test fixture preserves boundary data
[0m         .push(GcodeCommandCollected::Move(GcodeMoveCmd {
             x: Some(50.0),
             y: Some(50.0),
Diff in \\?\F:\slicerProject\pinch_n_print_cli\crates\slicer-runtime\tests\executor\live_travel_policy_tdd.rs:113:
             e: None,
             f: None,
             role: ExtrusionRole::Custom("travel".to_string()),
[31m-        // exhaustive: GcodeMoveCmd boundary/test fixture requires explicit field construction
[0m[31m-        // exhaustive: GcodeMoveCmd explicit test fixture preserves boundary data
[0m[32m+            // exhaustive: GcodeMoveCmd boundary/test fixture requires explicit field construction
[0m[32m+            // exhaustive: GcodeMoveCmd explicit test fixture preserves boundary data
[0m         }));
     ctx.gcode_output_mut()
         .commands
Diff in \\?\F:\slicerProject\pinch_n_print_cli\crates\slicer-runtime\tests\executor\live_travel_policy_tdd.rs:255:
             });
         ctx.gcode_output_mut()
             .commands
[31m-// exhaustive: GcodeMoveCmd explicit test fixture preserves boundary data
[0m[32m+            // exhaustive: GcodeMoveCmd explicit test fixture preserves boundary data
[0m             .push(GcodeCommandCollected::Move(GcodeMoveCmd {
                 x: Some(50.0),
                 y: Some(50.0),
Diff in \\?\F:\slicerProject\pinch_n_print_cli\crates\slicer-runtime\tests\executor\live_travel_policy_tdd.rs:263:
                 e: None,
                 f: None,
                 role: ExtrusionRole::Custom("travel".to_string()),
[31m-            // exhaustive: GcodeMoveCmd boundary/test fixture requires explicit field construction
[0m[31m-            // exhaustive: GcodeMoveCmd explicit test fixture preserves boundary data
[0m[32m+                // exhaustive: GcodeMoveCmd boundary/test fixture requires explicit field construction
[0m[32m+                // exhaustive: GcodeMoveCmd explicit test fixture preserves boundary data
[0m             }));
         ctx.gcode_output_mut()
             .commands
Diff in \\?\F:\slicerProject\pinch_n_print_cli\crates\slicer-runtime\tests\executor\live_travel_policy_tdd.rs:344:
         });
     ctx.gcode_output_mut()
         .commands
[31m-// exhaustive: GcodeMoveCmd explicit test fixture preserves boundary data
[0m[32m+        // exhaustive: GcodeMoveCmd explicit test fixture preserves boundary data
[0m         .push(GcodeCommandCollected::Move(GcodeMoveCmd {
             x: Some(50.0),
             y: Some(50.0),
Diff in \\?\F:\slicerProject\pinch_n_print_cli\crates\slicer-runtime\tests\executor\live_travel_policy_tdd.rs:352:
             e: None,
             f: None,
             role: ExtrusionRole::Custom("travel".to_string()),
[31m-        // exhaustive: GcodeMoveCmd boundary/test fixture requires explicit field construction
[0m[31m-        // exhaustive: GcodeMoveCmd explicit test fixture preserves boundary data
[0m[32m+            // exhaustive: GcodeMoveCmd boundary/test fixture requires explicit field construction
[0m[32m+            // exhaustive: GcodeMoveCmd explicit test fixture preserves boundary data
[0m         }));
     ctx.gcode_output_mut()
         .commands
Diff in \\?\F:\slicerProject\pinch_n_print_cli\crates\slicer-runtime\tests\executor\live_travel_policy_tdd.rs:364:
         });
 
     // Pre-stage 3 entities â†’ entity_count=3, anchor=2 (last entity index, entity_id=3).
[31m-// exhaustive: PrintEntity explicit test fixture preserves boundary data
[0m[32m+    // exhaustive: PrintEntity explicit test fixture preserves boundary data
[0m     let make_entity = |id: u64| slicer_ir::PrintEntity {
         entity_id: id,
         path: slicer_ir::ExtrusionPath3D {
Diff in \\?\F:\slicerProject\pinch_n_print_cli\crates\slicer-runtime\tests\executor\live_travel_policy_tdd.rs:377:
                 overhang_quartile: None,
                 dist_to_top_mm: 0.0,
                 overhang_distance_mm: None,
[31m-            ..Default::default()
[0m[32m+                ..Default::default()
[0m             }],
             role: slicer_ir::ExtrusionRole::OuterWall,
             speed_factor: 1.0,
Diff in \\?\F:\slicerProject\pinch_n_print_cli\crates\slicer-runtime\tests\executor\live_travel_policy_tdd.rs:391:
             variant_chain: Vec::new(),
         },
         topo_order: 0,
[31m-    // exhaustive: PrintEntity explicit test fixture preserves boundary data
[0m[32m+        // exhaustive: PrintEntity explicit test fixture preserves boundary data
[0m     };
     let mut arena = LayerArena::new();
     arena.set_layer_collection(LayerCollectionIR {
Diff in \\?\F:\slicerProject\pinch_n_print_cli\crates\slicer-runtime\tests\executor\macro_finalization_deep_copy_tdd.rs:130:
 ) -> LayerCollectionIR {
     let mut ordered_entities = Vec::with_capacity(entity_count);
     for i in 0..entity_count {
[31m-// exhaustive: PrintEntity explicit test fixture preserves boundary data
[0m[32m+        // exhaustive: PrintEntity explicit test fixture preserves boundary data
[0m         ordered_entities.push(PrintEntity {
             entity_id: (i as u64) + 1,
             path: slicer_ir::ExtrusionPath3D {
Diff in \\?\F:\slicerProject\pinch_n_print_cli\crates\slicer-runtime\tests\executor\macro_finalization_deep_copy_tdd.rs:147:
                 variant_chain: Vec::new(),
             },
             topo_order: i as u32,
[31m-        // exhaustive: PrintEntity fixture preserves the exact path/role test data
[0m[31m-        // exhaustive: PrintEntity explicit test fixture preserves boundary data
[0m[32m+            // exhaustive: PrintEntity fixture preserves the exact path/role test data
[0m[32m+            // exhaustive: PrintEntity explicit test fixture preserves boundary data
[0m         });
     }
     LayerCollectionIR {
Diff in \\?\F:\slicerProject\pinch_n_print_cli\crates\slicer-runtime\tests\executor\macro_finalization_deep_copy_tdd.rs:169:
         annotations: Vec::new(),
         retracts: Vec::new(),
         travel_moves: Vec::new(),
[31m-    ..Default::default()
[0m[32m+        ..Default::default()
[0m     }
 }
 
Diff in \\?\F:\slicerProject\pinch_n_print_cli\crates\slicer-runtime\tests\executor\paint_channel_consumer_paths_tdd.rs:90:
                 is_catchup_layer: false,
                 catchup_z_bottom: 0.0,
                 tool_index: 0,
[31m-            ..Default::default()
[0m[32m+                ..Default::default()
[0m             }],
             has_nonplanar: false,
             is_sync_layer: false,
Diff in \\?\F:\slicerProject\pinch_n_print_cli\crates\slicer-runtime\tests\executor\paint_channel_consumer_paths_tdd.rs:97:
[31m-        ..Default::default()
[0m[32m+            ..Default::default()
[0m         })
         .collect();
     Arc::new(LayerPlanIR {
Diff in \\?\F:\slicerProject\pinch_n_print_cli\crates\slicer-runtime\tests\executor\paint_channel_consumer_paths_tdd.rs:235:
                 layers: paint_layers,
             }),
             world_z_extent: None,
[31m-        ..Default::default()
[0m[32m+            ..Default::default()
[0m         }],
         build_volume: default_build_volume(),
     })
Diff in \\?\F:\slicerProject\pinch_n_print_cli\crates\slicer-runtime\tests\executor\paint_channel_consumer_paths_tdd.rs:573:
                 is_catchup_layer: false,
                 catchup_z_bottom: 0.0,
                 tool_index: 0,
[31m-            ..Default::default()
[0m[32m+                ..Default::default()
[0m             }],
             has_nonplanar: false,
             is_sync_layer: false,
Diff in \\?\F:\slicerProject\pinch_n_print_cli\crates\slicer-runtime\tests\executor\paint_channel_consumer_paths_tdd.rs:580:
[31m-        ..Default::default()
[0m[32m+            ..Default::default()
[0m         })
         .collect();
     let lp = Arc::new(slicer_ir::LayerPlanIR {
Diff in \\?\F:\slicerProject\pinch_n_print_cli\crates\slicer-runtime\tests\executor\postpass_executor_tdd.rs:659:
         region_plans: Arc::new(HashMap::new()),
         module_region_index: HashMap::new(),
         aggregated_region_split: BTreeMap::new(),
[31m-    ..Default::default()
[0m[32m+        ..Default::default()
[0m     }
 }
 
Diff in \\?\F:\slicerProject\pinch_n_print_cli\crates\slicer-runtime\tests\executor\postpass_executor_tdd.rs:732:
             modifier_volumes: Vec::new(),
             paint_data: None,
             world_z_extent: None,
[31m-        ..Default::default()
[0m[32m+            ..Default::default()
[0m         }],
         build_volume: BoundingBox3 {
             min: Point3 {
Diff in \\?\F:\slicerProject\pinch_n_print_cli\crates\slicer-runtime\tests\executor\postpass_executor_tdd.rs:761:
         annotations: Vec::new(),
         retracts: Vec::new(),
         travel_moves: Vec::new(),
[31m-    ..Default::default()
[0m[32m+        ..Default::default()
[0m     }
 }
 
Diff in \\?\F:\slicerProject\pinch_n_print_cli\crates\slicer-runtime\tests\executor\prepass_execution_order_tdd.rs:76:
             active_regions: vec![],
             has_nonplanar: false,
             is_sync_layer: false,
[31m-        ..Default::default()
[0m[32m+            ..Default::default()
[0m         })
         .collect();
 
Diff in \\?\F:\slicerProject\pinch_n_print_cli\crates\slicer-runtime\tests\executor\prepass_execution_order_tdd.rs:232:
         region_plans: Arc::new(HashMap::new()),
         module_region_index: HashMap::new(),
         aggregated_region_split: BTreeMap::new(),
[31m-    ..Default::default()
[0m[32m+        ..Default::default()
[0m     };
 
     let runner = TreeSupportStubRunner;
Diff in \\?\F:\slicerProject\pinch_n_print_cli\crates\slicer-runtime\tests\executor\prepass_overhang_annotation_stage_order_tdd.rs:200:
         is_catchup_layer: false,
         catchup_z_bottom: 0.0,
         tool_index: 0,
[31m-    ..Default::default()
[0m[32m+        ..Default::default()
[0m     }
 }
 
Diff in \\?\F:\slicerProject\pinch_n_print_cli\crates\slicer-runtime\tests\executor\prepass_overhang_annotation_stage_order_tdd.rs:211:
         active_regions: object_ids.iter().map(|id| active_region(id)).collect(),
         has_nonplanar: false,
         is_sync_layer: false,
[31m-    ..Default::default()
[0m[32m+        ..Default::default()
[0m     }
 }
 
Diff in \\?\F:\slicerProject\pinch_n_print_cli\crates\slicer-runtime\tests\executor\prepass_overhang_annotation_stage_order_tdd.rs:237:
         .expect("commit surface classification");
     commit_slice_builtin(&mut bb).expect("PrePass::Slice must succeed");
     bb
[31m-// exhaustive: Blackboard explicit test fixture preserves boundary data
[0m[32m+    // exhaustive: Blackboard explicit test fixture preserves boundary data
[0m }
 
 /// Ordering guard: `commit_overhang_annotation_builtin` must refuse to run
Diff in \\?\F:\slicerProject\pinch_n_print_cli\crates\slicer-runtime\tests\executor\prepass_seam_planning_macro_path_tdd.rs:125:
             modifier_volumes: Vec::new(),
             paint_data: None,
             world_z_extent: None,
[31m-        ..Default::default()
[0m[32m+            ..Default::default()
[0m         }],
         build_volume: BoundingBox3 {
             min: Point3 {
Diff in \\?\F:\slicerProject\pinch_n_print_cli\crates\slicer-runtime\tests\executor\prepass_seam_planning_macro_path_tdd.rs:223:
         region_plans: Arc::new(HashMap::new()),
         module_region_index: HashMap::new(),
         aggregated_region_split: BTreeMap::new(),
[31m-    ..Default::default()
[0m[32m+        ..Default::default()
[0m     };
 
     let mesh = Arc::new(cube_mesh());
Diff in \\?\F:\slicerProject\pinch_n_print_cli\crates\slicer-runtime\tests\executor\prepass_seam_planning_macro_path_tdd.rs:244:
                 active_regions: Vec::new(),
                 has_nonplanar: false,
                 is_sync_layer: false,
[31m-            ..Default::default()
[0m[32m+                ..Default::default()
[0m             }],
             object_participation: HashMap::new(),
         }))
Diff in \\?\F:\slicerProject\pinch_n_print_cli\crates\slicer-runtime\tests\executor\prepass_slice_and_shell_tdd.rs:95:
             is_catchup_layer: false,
             catchup_z_bottom: 0.0,
             tool_index: 0,
[31m-        ..Default::default()
[0m[32m+            ..Default::default()
[0m         }],
         has_nonplanar: false,
         is_sync_layer: false,
Diff in \\?\F:\slicerProject\pinch_n_print_cli\crates\slicer-runtime\tests\executor\prepass_slice_and_shell_tdd.rs:102:
[31m-    ..Default::default()
[0m[32m+        ..Default::default()
[0m     }
 }
 
Diff in \\?\F:\slicerProject\pinch_n_print_cli\crates\slicer-runtime\tests\executor\prepass_slice_and_shell_tdd.rs:147:
     bb.commit_region_map(Arc::new(region_map))
         .expect("commit_region_map");
     bb
[31m-// exhaustive: Blackboard explicit test fixture preserves boundary data
[0m[32m+    // exhaustive: Blackboard explicit test fixture preserves boundary data
[0m }
 
 // ============================================================================
Diff in \\?\F:\slicerProject\pinch_n_print_cli\crates\slicer-runtime\tests\executor\prepass_support_geometry_layer_plan_tdd.rs:108:
                 active_regions: vec![],
                 has_nonplanar: false,
                 is_sync_layer: false,
[31m-            ..Default::default()
[0m[32m+                ..Default::default()
[0m             },
             GlobalLayer {
                 index: 1,
Diff in \\?\F:\slicerProject\pinch_n_print_cli\crates\slicer-runtime\tests\executor\prepass_support_geometry_layer_plan_tdd.rs:116:
                 active_regions: vec![],
                 has_nonplanar: false,
                 is_sync_layer: false,
[31m-            ..Default::default()
[0m[32m+                ..Default::default()
[0m             },
             GlobalLayer {
                 index: 2,
Diff in \\?\F:\slicerProject\pinch_n_print_cli\crates\slicer-runtime\tests\executor\prepass_support_geometry_layer_plan_tdd.rs:124:
                 active_regions: vec![],
                 has_nonplanar: false,
                 is_sync_layer: false,
[31m-            ..Default::default()
[0m[32m+                ..Default::default()
[0m             },
             GlobalLayer {
                 index: 3,
Diff in \\?\F:\slicerProject\pinch_n_print_cli\crates\slicer-runtime\tests\executor\prepass_support_geometry_layer_plan_tdd.rs:132:
                 active_regions: vec![],
                 has_nonplanar: false,
                 is_sync_layer: false,
[31m-            ..Default::default()
[0m[32m+                ..Default::default()
[0m             },
         ],
         object_participation: {
Diff in \\?\F:\slicerProject\pinch_n_print_cli\crates\slicer-runtime\tests\executor\prepass_support_geometry_layer_plan_tdd.rs:178:
             active_regions: vec![],
             has_nonplanar: false,
             is_sync_layer: false,
[31m-        ..Default::default()
[0m[32m+            ..Default::default()
[0m         }],
         object_participation: {
             let mut m = HashMap::new();
Diff in \\?\F:\slicerProject\pinch_n_print_cli\crates\slicer-runtime\tests\executor\prepass_support_geometry_layer_plan_tdd.rs:335:
         region_plans: Arc::new(HashMap::new()),
         module_region_index: HashMap::new(),
         aggregated_region_split: BTreeMap::new(),
[31m-    ..Default::default()
[0m[32m+        ..Default::default()
[0m     }
 }
 
Diff in \\?\F:\slicerProject\pinch_n_print_cli\crates\slicer-runtime\tests\executor\prepass_support_geometry_layer_plan_tdd.rs:344:
     mesh: MeshIR,
     layer_plan: LayerPlanIR,
     region_map: RegionMapIR,
[31m-// exhaustive: Blackboard explicit test fixture preserves boundary data
[0m[32m+    // exhaustive: Blackboard explicit test fixture preserves boundary data
[0m ) -> Blackboard {
     let mesh_arc = Arc::new(mesh);
     let mut bb = Blackboard::new(mesh_arc, 0);
Diff in \\?\F:\slicerProject\pinch_n_print_cli\crates\slicer-runtime\tests\executor\prepass_support_geometry_layer_plan_tdd.rs:353:
     bb.commit_region_map(Arc::new(region_map))
         .expect("commit_region_map must succeed");
     bb
[31m-// exhaustive: Blackboard explicit test fixture preserves boundary data
[0m[32m+    // exhaustive: Blackboard explicit test fixture preserves boundary data
[0m }
 
 /// Build a Blackboard with mesh and LayerPlanIR only (no RegionMapIR).
Diff in \\?\F:\slicerProject\pinch_n_print_cli\crates\slicer-runtime\tests\executor\prepass_support_geometry_layer_plan_tdd.rs:364:
     bb.commit_layer_plan(Arc::new(layer_plan))
         .expect("commit_layer_plan must succeed");
     bb
[31m-// exhaustive: Blackboard explicit test fixture preserves boundary data
[0m[32m+    // exhaustive: Blackboard explicit test fixture preserves boundary data
[0m }
 
 /// Run the full prepass pipeline and return the committed SupportPlanIR.
Diff in \\?\F:\slicerProject\pinch_n_print_cli\crates\slicer-runtime\tests\executor\prepass_support_geometry_tdd.rs:286:
         region_plans: Arc::new(HashMap::new()),
         module_region_index: HashMap::new(),
         aggregated_region_split: BTreeMap::new(),
[31m-    ..Default::default()
[0m[32m+        ..Default::default()
[0m     }
 }
 
Diff in \\?\F:\slicerProject\pinch_n_print_cli\crates\slicer-runtime\tests\executor\prepass_support_geometry_tdd.rs:314:
                     is_catchup_layer: false,
                     catchup_z_bottom: 0.0,
                     tool_index: 0,
[31m-                ..Default::default()
[0m[32m+                    ..Default::default()
[0m                 })
                 .collect();
             GlobalLayer {
Diff in \\?\F:\slicerProject\pinch_n_print_cli\crates\slicer-runtime\tests\executor\prepass_support_geometry_tdd.rs:323:
                 active_regions: regions,
                 has_nonplanar: false,
                 is_sync_layer: false,
[31m-            ..Default::default()
[0m[32m+                ..Default::default()
[0m             }
         })
         .collect();
Diff in \\?\F:\slicerProject\pinch_n_print_cli\crates\slicer-runtime\tests\executor\prepass_support_geometry_tdd.rs:656:
         region_plans: Arc::new(HashMap::new()),
         module_region_index: HashMap::new(),
         aggregated_region_split: BTreeMap::new(),
[31m-    ..Default::default()
[0m[32m+        ..Default::default()
[0m     }
 }
 
Diff in \\?\F:\slicerProject\pinch_n_print_cli\crates\slicer-runtime\tests\executor\slicing_promotion_e2e_regression_tdd.rs:112:
         is_catchup_layer: false,
         catchup_z_bottom: 0.0,
         tool_index: 0,
[31m-    ..Default::default()
[0m[32m+        ..Default::default()
[0m     }
 }
 
Diff in \\?\F:\slicerProject\pinch_n_print_cli\crates\slicer-runtime\tests\executor\slicing_promotion_e2e_regression_tdd.rs:136:
                 active_regions: vec![active_region(object_id)],
                 has_nonplanar: false,
                 is_sync_layer: false,
[31m-            ..Default::default()
[0m[32m+                ..Default::default()
[0m             }
         })
         .collect();
Diff in \\?\F:\slicerProject\pinch_n_print_cli\crates\slicer-runtime\tests\executor\support_geometry_slice_consumption_tdd.rs:45:
 
 fn make_active_region(object_id: &str, layer_height: f32) -> ActiveRegion {
     make_active_region_with_support_lh(object_id, layer_height, 0.0)
[31m-
[0m }
 
 fn make_active_region_with_support_lh(
Diff in \\?\F:\slicerProject\pinch_n_print_cli\crates\slicer-runtime\tests\executor\support_geometry_slice_consumption_tdd.rs:65:
         is_catchup_layer: false,
         catchup_z_bottom: 0.0,
         tool_index: 0,
[31m-    ..Default::default()
[0m[32m+        ..Default::default()
[0m     }
 }
 
Diff in \\?\F:\slicerProject\pinch_n_print_cli\crates\slicer-runtime\tests\executor\support_geometry_slice_consumption_tdd.rs:76:
         active_regions: vec![make_active_region(object_id, layer_height)],
         has_nonplanar: false,
         is_sync_layer: false,
[31m-    ..Default::default()
[0m[32m+        ..Default::default()
[0m     }
 }
 
Diff in \\?\F:\slicerProject\pinch_n_print_cli\crates\slicer-runtime\tests\executor\support_geometry_slice_consumption_tdd.rs:316:
             ],
             has_nonplanar: false,
             is_sync_layer: false,
[31m-        ..Default::default()
[0m[32m+            ..Default::default()
[0m         })
         .collect();
 
Diff in \\?\F:\slicerProject\pinch_n_print_cli\crates\slicer-runtime\tests\executor\support_geometry_slice_consumption_tdd.rs:371:
     ActiveRegion {
         region_id,
         ..make_active_region_with_support_lh(object_id, layer_height, support_layer_height_mm)
[31m-
[0m     }
 }
 
Diff in \\?\F:\slicerProject\pinch_n_print_cli\crates\slicer-runtime\tests\executor\support_geometry_slice_consumption_tdd.rs:407:
             ],
             has_nonplanar: false,
             is_sync_layer: false,
[31m-        ..Default::default()
[0m[32m+            ..Default::default()
[0m         })
         .collect();
     let plan = LayerPlanIR {
Diff in \\?\F:\slicerProject\pinch_n_print_cli\crates\slicer-runtime\tests\executor\support_geometry_slice_consumption_tdd.rs:513:
             active_regions: vec![make_active_region_with_support_lh(obj, 0.2, 0.4)],
             has_nonplanar: false,
             is_sync_layer: false,
[31m-        ..Default::default()
[0m[32m+            ..Default::default()
[0m         })
         .collect();
     let plan = LayerPlanIR {
Diff in \\?\F:\slicerProject\pinch_n_print_cli\crates\slicer-runtime\tests\common\ir_builders.rs:195:
                         infill_areas,
                         seam_candidates: Vec::new(),
                         resolved_seam: None,
[31m-                    
[0m[31m-                        ..Default::default()}
[0m[32m+
[0m[32m+                        ..Default::default()
[0m[32m+                    }
[0m                 })
                 .collect();
             PerimeterIR {
Diff in \\?\F:\slicerProject\pinch_n_print_cli\crates\slicer-runtime\tests\common\ir_builders.rs:279:
             overhang_quartile: None,
             dist_to_top_mm: 0.0,
             overhang_distance_mm: None,
[31m-        
[0m[31m-            ..Default::default()})
[0m[32m+
[0m[32m+            ..Default::default()
[0m[32m+        })
[0m         .collect();
     let feature_flags: Vec<WallFeatureFlags> = (0..point_count)
         .map(|_| WallFeatureFlags {
Diff in \\?\F:\slicerProject\pinch_n_print_cli\crates\slicer-runtime\tests\common\ir_builders.rs:290:
             is_thin_wall: false,
             skip_ironing: false,
             custom: std::collections::HashMap::new(),
[31m-        
[0m[31m-            ..Default::default()})
[0m[32m+
[0m[32m+            ..Default::default()
[0m[32m+        })
[0m         .collect();
 
[31m-    WallLoop { // exhaustive: test fixture intentionally specifies the  boundary
[0m[32m+    WallLoop {
[0m[32m+        // exhaustive: test fixture intentionally specifies the  boundary
[0m         perimeter_index,
         loop_type: LoopType::Outer,
         path: ExtrusionPath3D {
Diff in \\?\F:\slicerProject\pinch_n_print_cli\crates\slicer-runtime\tests\common\mod.rs:39:
     plan: ExecutionPlan,
     runners: PipelineStageRunners,
 ) -> PipelineConfig {
[31m-    PipelineConfig { // exhaustive: test fixture intentionally specifies the  boundary
[0m[32m+    PipelineConfig {
[0m[32m+        // exhaustive: test fixture intentionally specifies the  boundary
[0m         // exhaustive: single per-crate construction point for trait-object holder PipelineConfig
         cancel_flag: None,
         mesh_ir,
Diff in \\?\F:\slicerProject\pinch_n_print_cli\crates\slicer-runtime\tests\common\mod.rs:159:
         modifier_volumes: Vec::new(),
         paint_data: None,
         world_z_extent: None,
[31m-    
[0m[31m-        ..Default::default()}
[0m[32m+
[0m[32m+        ..Default::default()
[0m[32m+    }
[0m }
 
 /// Reserved for future non-axis-aligned surface normal tests.
Diff in \\?\F:\slicerProject\pinch_n_print_cli\crates\slicer-runtime\tests\common\mod.rs:183:
         modifier_volumes: Vec::new(),
         paint_data: None,
         world_z_extent: None,
[31m-    
[0m[31m-        ..Default::default()}
[0m[32m+
[0m[32m+        ..Default::default()
[0m[32m+    }
[0m }
 
 // ── Ordered-entities counter serialization (D-113B) ───────────────────────
Diff in \\?\F:\slicerProject\pinch_n_print_cli\crates\slicer-runtime\tests\common\mod.rs:440:
                     retracts,
                     travel_moves,
                     order_proposal: None,
[31m-                
[0m[31m-                    ..Default::default()}))
[0m[32m+
[0m[32m+                    ..Default::default()
[0m[32m+                }))
[0m             }
         }
         _ => None,
Diff in \\?\F:\slicerProject\pinch_n_print_cli\crates\slicer-runtime\tests\common\mod.rs:459:
 // so existing test call sites can use the new trait boundary with minimal churn.
 
 pub fn layer_input<'a>(blackboard: &'a Blackboard, arena: &'a LayerArena) -> LayerStageInput<'a> {
[31m-    LayerStageInput { // exhaustive: test fixture intentionally specifies the  boundary
[0m[32m+    LayerStageInput {
[0m[32m+        // exhaustive: test fixture intentionally specifies the  boundary
[0m         mesh: blackboard.mesh().clone(),
         paint_regions: None,
         seam_plan: blackboard.seam_plan().cloned(),
Diff in \\?\F:\slicerProject\pinch_n_print_cli\crates\slicer-runtime\tests\common\mod.rs:475:
 }
 
 pub fn prepass_input(blackboard: &Blackboard) -> PrepassStageInput<'_> {
[31m-    PrepassStageInput { // exhaustive: test fixture intentionally specifies the  boundary
[0m[32m+    PrepassStageInput {
[0m[32m+        // exhaustive: test fixture intentionally specifies the  boundary
[0m         mesh: blackboard.mesh().clone(),
         layer_plan: blackboard.layer_plan().cloned(),
         slice_ir: blackboard.slice_ir().cloned(),
Diff in \\?\F:\slicerProject\pinch_n_print_cli\crates\slicer-runtime\tests\common\perimeter_harness.rs:223:
         WasmRuntimeDispatcher::new(Arc::clone(&engine)),
     ));
     let sink = capturing_runner.sink();
[31m-    let pipeline_config = PipelineConfig { // exhaustive: test fixture intentionally specifies the  boundary
[0m[32m+    let pipeline_config = PipelineConfig {
[0m[32m+        // exhaustive: test fixture intentionally specifies the  boundary
[0m         mesh_ir: mesh,
         plan,
[31m-        runners: PipelineStageRunners { // exhaustive: test fixture intentionally specifies the  boundary
[0m[32m+        runners: PipelineStageRunners {
[0m[32m+            // exhaustive: test fixture intentionally specifies the  boundary
[0m             prepass: Box::new(WasmRuntimeDispatcher::new(Arc::clone(&engine))),
             layer: Box::new(capturing_runner),
             finalization: Box::new(WasmRuntimeDispatcher::new(Arc::clone(&engine))),
Diff in \\?\F:\slicerProject\pinch_n_print_cli\crates\slicer-runtime\tests\integration\gcode_flavor_config_block_tdd.rs:117:
     }
 
     let config = PipelineConfig {
[31m-// exhaustive: PipelineStageRunners explicit boundary fixture for this integration test
[0m[31m-        ..common::pipeline_config_base(mesh_ir, empty_plan(), PipelineStageRunners {
[0m[31m-            prepass: Box::new(NoopPrepassRunner),
[0m[31m-            layer: Box::new(NoopLayerRunner),
[0m[31m-            finalization: Box::new(NoopFinalizationRunner),
[0m[31m-            postpass: Box::new(NoopPostpassRunner),
[0m[31m-            emitter: Box::new(DefaultGCodeEmitter::new("pnp_cli-test 0.1.0".into())),
[0m[31m-            serializer: Box::new(DefaultGCodeSerializer::new()),
[0m[31m-        })
[0m[32m+        // exhaustive: PipelineStageRunners explicit boundary fixture for this integration test
[0m[32m+        ..common::pipeline_config_base(
[0m[32m+            mesh_ir,
[0m[32m+            empty_plan(),
[0m[32m+            PipelineStageRunners {
[0m[32m+                prepass: Box::new(NoopPrepassRunner),
[0m[32m+                layer: Box::new(NoopLayerRunner),
[0m[32m+                finalization: Box::new(NoopFinalizationRunner),
[0m[32m+                postpass: Box::new(NoopPostpassRunner),
[0m[32m+                emitter: Box::new(DefaultGCodeEmitter::new("pnp_cli-test 0.1.0".into())),
[0m[32m+                serializer: Box::new(DefaultGCodeSerializer::new()),
[0m[32m+            },
[0m[32m+        )
[0m     };
 
     run_pipeline_with_raw_config(config, &raw, &NoopLayerProgressSink)
Diff in \\?\F:\slicerProject\pinch_n_print_cli\crates\slicer-runtime\tests\integration\gcode_header_thumbnail_config_blocks_tdd.rs:138:
 }
 
 fn default_runners() -> PipelineStageRunners {
[31m-// exhaustive: PipelineStageRunners explicit boundary fixture for this integration test
[0m[32m+    // exhaustive: PipelineStageRunners explicit boundary fixture for this integration test
[0m     PipelineStageRunners {
         prepass: Box::new(NoopPrepassRunner),
         layer: Box::new(NoopLayerRunner),
Diff in \\?\F:\slicerProject\pinch_n_print_cli\crates\slicer-runtime\tests\integration\infill_partition_e2e_tdd.rs:78:
             seam_candidates: Vec::new(),
             resolved_seam: None,
 
[31m-        ..Default::default()
[0m[31m-    }],
[0m[32m+            ..Default::default()
[0m[32m+        }],
[0m     }
 }
 
Diff in \\?\F:\slicerProject\pinch_n_print_cli\crates\slicer-runtime\tests\integration\nonplanar_shell_emission_tdd.rs:14:
 use slicer_sdk::traits::{LayerModule, PaintRegionLayerView};
 
 fn make_surface_group(shell_count: u32) -> SurfaceGroup {
[31m-// exhaustive: SurfaceGroup explicit boundary fixture for this integration test
[0m[32m+    // exhaustive: SurfaceGroup explicit boundary fixture for this integration test
[0m     SurfaceGroup {
         id: 7,
         facet_indices: vec![],
Diff in \\?\F:\slicerProject\pinch_n_print_cli\crates\slicer-runtime\tests\integration\overhang_classifier_refactor_regression_tdd.rs:275:
             dist_to_top_mm: curr.dist_to_top_mm + t * (next.dist_to_top_mm - curr.dist_to_top_mm),
             overhang_distance_mm: Some(distance),
 
[31m-        ..Default::default()
[0m[31m-    }
[0m[32m+            ..Default::default()
[0m[32m+        }
[0m     };
 
     let mut crossing_points = Vec::with_capacity(points.len() + boundary.len());
Diff in \\?\F:\slicerProject\pinch_n_print_cli\crates\slicer-runtime\tests\integration\overhang_classifier_refactor_regression_tdd.rs:719:
             dist_to_top_mm: 0.0,
             overhang_distance_mm: distance,
 
[31m-        ..Default::default()
[0m[31m-    };
[0m[32m+            ..Default::default()
[0m[32m+        };
[0m     let entity = |entity_id: u64, layer_index: u32, points: Vec<Point3WithWidth>| {
         print_entity(
             entity_id,
Diff in \\?\F:\slicerProject\pinch_n_print_cli\crates\slicer-runtime\tests\integration\overhang_pipeline_e2e_tdd.rs:195:
             has_nonplanar: false,
             is_sync_layer: false,
 
[31m-        ..Default::default()
[0m[31m-    },
[0m[32m+            ..Default::default()
[0m[32m+        },
[0m         GlobalLayer {
             index: 1,
             z: 1.5,
Diff in \\?\F:\slicerProject\pinch_n_print_cli\crates\slicer-runtime\tests\integration\overhang_pipeline_e2e_tdd.rs:204:
             has_nonplanar: false,
             is_sync_layer: false,
 
[31m-        ..Default::default()
[0m[31m-    },
[0m[32m+            ..Default::default()
[0m[32m+        },
[0m     ]
 }
 
Diff in \\?\F:\slicerProject\pinch_n_print_cli\crates\slicer-runtime\tests\integration\painted_seam_enforcer_blocker_tdd.rs:77:
                 dist_to_top_mm: 0.0,
                 overhang_distance_mm: None,
 
[31m-        ..Default::default()
[0m[31m-    })
[0m[32m+                ..Default::default()
[0m[32m+            })
[0m             .collect(),
         role: ExtrusionRole::OuterWall,
         speed_factor: 1.0,
Diff in \\?\F:\slicerProject\pinch_n_print_cli\crates\slicer-runtime\tests\integration\painted_seam_enforcer_blocker_tdd.rs:207:
                 dist_to_top_mm: 0.0,
                 overhang_distance_mm: None,
 
[31m-        ..Default::default()
[0m[31m-    },
[0m[32m+                ..Default::default()
[0m[32m+            },
[0m             score: c.score,
             reason: SeamReason::Aligned,
         })
Diff in \\?\F:\slicerProject\pinch_n_print_cli\crates\slicer-runtime\tests\integration\perimeter_postprocess_preserve_tdd.rs:151:
                     dist_to_top_mm: 0.0,
                     overhang_distance_mm: None,
 
[31m-        ..Default::default()
[0m[31m-    },
[0m[32m+                    ..Default::default()
[0m[32m+                },
[0m                 Point3WithWidth {
                     x: 1.0,
                     y: 0.0,
Diff in \\?\F:\slicerProject\pinch_n_print_cli\crates\slicer-runtime\tests\integration\perimeter_postprocess_preserve_tdd.rs:163:
                     dist_to_top_mm: 0.0,
                     overhang_distance_mm: None,
 
[31m-        ..Default::default()
[0m[31m-    },
[0m[32m+                    ..Default::default()
[0m[32m+                },
[0m             ],
             role: ExtrusionRole::OuterWall,
             speed_factor: 1.0,
Diff in \\?\F:\slicerProject\pinch_n_print_cli\crates\slicer-runtime\tests\integration\perimeter_postprocess_preserve_tdd.rs:173:
         feature_flags: Vec::new(),
         boundary_type: WallBoundaryType::Interior,
 
[31m-        ..slicer_sdk::test_support::fixtures::wall_loop_base(LoopType::Outer, WallBoundaryType::Interior)
[0m[32m+        ..slicer_sdk::test_support::fixtures::wall_loop_base(
[0m[32m+            LoopType::Outer,
[0m[32m+            WallBoundaryType::Interior,
[0m[32m+        )
[0m     }
 }
 
Diff in \\?\F:\slicerProject\pinch_n_print_cli\crates\slicer-runtime\tests\integration\perimeter_postprocess_preserve_tdd.rs:189:
             dist_to_top_mm: 0.0,
             overhang_distance_mm: None,
 
[31m-        ..Default::default()
[0m[31m-    },
[0m[32m+            ..Default::default()
[0m[32m+        },
[0m         score: 0.5,
         reason: SeamReason::Aligned,
     }
Diff in \\?\F:\slicerProject\pinch_n_print_cli\crates\slicer-runtime\tests\integration\prepass_diagnostic_roundtrip_tdd.rs:98:
                     catchup_z_bottom: 0.0,
                     tool_index: 0,
 
[31m-        ..Default::default()
[0m[31m-    })
[0m[32m+                    ..Default::default()
[0m[32m+                })
[0m                 .collect();
             GlobalLayer {
                 index: i,
Diff in \\?\F:\slicerProject\pinch_n_print_cli\crates\slicer-runtime\tests\integration\prepass_diagnostic_roundtrip_tdd.rs:108:
                 has_nonplanar: false,
                 is_sync_layer: false,
 
[31m-        ..Default::default()
[0m[31m-    }
[0m[32m+                ..Default::default()
[0m[32m+            }
[0m         })
         .collect();
     let mut object_participation = HashMap::new();
Diff in \\?\F:\slicerProject\pinch_n_print_cli\crates\slicer-runtime\tests\integration\progress_events_tdd.rs:36:
 }
 
 fn error_fixture(fatal: bool) -> ProgressError {
[31m-// exhaustive: ProgressError explicit boundary fixture for this integration test
[0m[32m+    // exhaustive: ProgressError explicit boundary fixture for this integration test
[0m     ProgressError {
         code: 12014,
         message: "feature_flags length mismatch".to_string(),
Diff in \\?\F:\slicerProject\pinch_n_print_cli\crates\slicer-runtime\tests\integration\progress_events_tdd.rs:544:
     let mut volumes = std::collections::BTreeMap::new();
     volumes.insert(0u32, 1234.5);
     volumes.insert(1u32, 67.8);
[31m-// exhaustive: SliceStatsInputs explicit boundary fixture for this integration test
[0m[32m+    // exhaustive: SliceStatsInputs explicit boundary fixture for this integration test
[0m     slicer_runtime::run::SliceStatsInputs {
         gcode_prediction_seconds: 4321,
         gcode_weight_grams: weight,
Diff in \\?\F:\slicerProject\pinch_n_print_cli\crates\slicer-runtime\tests\integration\region_map_cap_overflow_tdd.rs:107:
                 has_nonplanar: false,
                 is_sync_layer: false,
 
[31m-        ..Default::default()
[0m[31m-    },
[0m[32m+                ..Default::default()
[0m[32m+            },
[0m             GlobalLayer {
                 index: 1,
                 z: 0.4,
Diff in \\?\F:\slicerProject\pinch_n_print_cli\crates\slicer-runtime\tests\integration\region_map_cap_overflow_tdd.rs:116:
                 has_nonplanar: false,
                 is_sync_layer: false,
 
[31m-        ..Default::default()
[0m[31m-    },
[0m[32m+                ..Default::default()
[0m[32m+            },
[0m         ],
         object_participation: HashMap::new(),
     }
Diff in \\?\F:\slicerProject\pinch_n_print_cli\crates\slicer-runtime\tests\integration\region_mapping_paint_semantic_tdd.rs:71:
             paint_data: None,
             world_z_extent: None,
 
[31m-        ..Default::default()
[0m[31m-    }],
[0m[32m+            ..Default::default()
[0m[32m+        }],
[0m         build_volume: BoundingBox3 {
             min: Point3 {
                 x: 0.0,
Diff in \\?\F:\slicerProject\pinch_n_print_cli\crates\slicer-runtime\tests\integration\region_mapping_paint_semantic_tdd.rs:134:
             has_nonplanar: false,
             is_sync_layer: false,
 
[31m-        ..Default::default()
[0m[31m-    }],
[0m[32m+            ..Default::default()
[0m[32m+        }],
[0m         object_participation: HashMap::new(),
     });
 
Diff in \\?\F:\slicerProject\pinch_n_print_cli\crates\slicer-runtime\tests\integration\region_mapping_paint_semantic_tdd.rs:237:
             has_nonplanar: false,
             is_sync_layer: false,
 
[31m-        ..Default::default()
[0m[31m-    }],
[0m[32m+            ..Default::default()
[0m[32m+        }],
[0m         object_participation: HashMap::new(),
     });
 
Diff in \\?\F:\slicerProject\pinch_n_print_cli\crates\slicer-runtime\tests\integration\region_mapping_paint_semantic_tdd.rs:295:
             has_nonplanar: false,
             is_sync_layer: false,
 
[31m-        ..Default::default()
[0m[31m-    }],
[0m[32m+            ..Default::default()
[0m[32m+        }],
[0m         object_participation: HashMap::new(),
     });
 
Diff in \\?\F:\slicerProject\pinch_n_print_cli\crates\slicer-runtime\tests\integration\region_mapping_tdd.rs:162:
             has_nonplanar: false,
             is_sync_layer: false,
 
[31m-        ..Default::default()
[0m[31m-    }],
[0m[32m+            ..Default::default()
[0m[32m+        }],
[0m         object_participation: HashMap::new(),
     };
     let plan = empty_execution_plan();
Diff in \\?\F:\slicerProject\pinch_n_print_cli\crates\slicer-runtime\tests\integration\region_mapping_tdd.rs:207:
                 has_nonplanar: false,
                 is_sync_layer: false,
 
[31m-        ..Default::default()
[0m[31m-    },
[0m[32m+                ..Default::default()
[0m[32m+            },
[0m             GlobalLayer {
                 index: 1,
                 z: 0.4,
Diff in \\?\F:\slicerProject\pinch_n_print_cli\crates\slicer-runtime\tests\integration\region_mapping_tdd.rs:221:
                 has_nonplanar: false,
                 is_sync_layer: false,
 
[31m-        ..Default::default()
[0m[31m-    },
[0m[32m+                ..Default::default()
[0m[32m+            },
[0m         ],
         object_participation: HashMap::new(),
     };
Diff in \\?\F:\slicerProject\pinch_n_print_cli\crates\slicer-runtime\tests\integration\region_mapping_tdd.rs:280:
                 has_nonplanar: false,
                 is_sync_layer: false,
 
[31m-        ..Default::default()
[0m[31m-    },
[0m[32m+                ..Default::default()
[0m[32m+            },
[0m             GlobalLayer {
                 index: 1,
                 z: 0.4,
Diff in \\?\F:\slicerProject\pinch_n_print_cli\crates\slicer-runtime\tests\integration\region_mapping_tdd.rs:289:
                 has_nonplanar: false,
                 is_sync_layer: false,
 
[31m-        ..Default::default()
[0m[31m-    },
[0m[32m+                ..Default::default()
[0m[32m+            },
[0m         ],
         object_participation: HashMap::new(),
     };
Diff in \\?\F:\slicerProject\pinch_n_print_cli\crates\slicer-runtime\tests\integration\region_mapping_tdd.rs:327:
             has_nonplanar: false,
             is_sync_layer: false,
 
[31m-        ..Default::default()
[0m[31m-    }],
[0m[32m+            ..Default::default()
[0m[32m+        }],
[0m         object_participation: HashMap::new(),
     };
     let plan = empty_execution_plan();
Diff in \\?\F:\slicerProject\pinch_n_print_cli\crates\slicer-runtime\tests\integration\region_mapping_tdd.rs:520:
             paint_data: None,
             world_z_extent: None,
 
[31m-        ..Default::default()
[0m[31m-    }],
[0m[32m+            ..Default::default()
[0m[32m+        }],
[0m         build_volume: BoundingBox3 {
             min: Point3 {
                 x: 0.0,
Diff in \\?\F:\slicerProject\pinch_n_print_cli\crates\slicer-runtime\tests\integration\region_mapping_tdd.rs:563:
                 has_nonplanar: false,
                 is_sync_layer: false,
 
[31m-        ..Default::default()
[0m[31m-    },
[0m[32m+                ..Default::default()
[0m[32m+            },
[0m             GlobalLayer {
                 index: 1,
                 z: 0.4,
Diff in \\?\F:\slicerProject\pinch_n_print_cli\crates\slicer-runtime\tests\integration\region_mapping_tdd.rs:572:
                 has_nonplanar: false,
                 is_sync_layer: false,
 
[31m-        ..Default::default()
[0m[31m-    },
[0m[32m+                ..Default::default()
[0m[32m+            },
[0m         ],
         object_participation: HashMap::new(),
     }
Diff in \\?\F:\slicerProject\pinch_n_print_cli\crates\slicer-runtime\tests\integration\run_pipeline_with_instrumentation_tdd.rs:207:
 }
 
 fn noop_runners() -> PipelineStageRunners {
[31m-// exhaustive: PipelineStageRunners explicit boundary fixture for this integration test
[0m[32m+    // exhaustive: PipelineStageRunners explicit boundary fixture for this integration test
[0m     PipelineStageRunners {
         prepass: Box::new(NoopPrepassRunner),
         layer: Box::new(NoopLayerRunner),
Diff in \\?\F:\slicerProject\pinch_n_print_cli\crates\slicer-runtime\tests\integration\run_pipeline_with_instrumentation_tdd.rs:229:
 #[test]
 fn run_with_noop_instrumentation_succeeds_and_collects_nothing() {
     let config = PipelineConfig {
[31m-        ..common::pipeline_config_base(empty_mesh_ir(), ExecutionPlan {
[0m[31m-            prepass_stages: Vec::new(),
[0m[31m-            per_layer_stages: Vec::new(),
[0m[31m-            layer_finalization_stage: None,
[0m[31m-            postpass_stages: Vec::new(),
[0m[31m-            global_layers: Arc::new(Vec::new()),
[0m[31m-            region_plans: Arc::new(HashMap::new()),
[0m[31m-            module_region_index: HashMap::new(),
[0m[31m-            aggregated_region_split: BTreeMap::new(),
[0m[32m+        ..common::pipeline_config_base(
[0m[32m+            empty_mesh_ir(),
[0m[32m+            ExecutionPlan {
[0m[32m+                prepass_stages: Vec::new(),
[0m[32m+                per_layer_stages: Vec::new(),
[0m[32m+                layer_finalization_stage: None,
[0m[32m+                postpass_stages: Vec::new(),
[0m[32m+                global_layers: Arc::new(Vec::new()),
[0m[32m+                region_plans: Arc::new(HashMap::new()),
[0m[32m+                module_region_index: HashMap::new(),
[0m[32m+                aggregated_region_split: BTreeMap::new(),
[0m 
[31m-        ..Default::default()
[0m[31m-    }, noop_runners())
[0m[32m+                ..Default::default()
[0m[32m+            },
[0m[32m+            noop_runners(),
[0m[32m+        )
[0m     };
 
     let result = run_pipeline_with_instrumentation(
Diff in \\?\F:\slicerProject\pinch_n_print_cli\crates\slicer-runtime\tests\integration\runtime_wiring_tdd.rs:395:
                     has_nonplanar: false,
                     is_sync_layer: false,
 
[31m-        ..Default::default()
[0m[31m-    }],
[0m[32m+                    ..Default::default()
[0m[32m+                }],
[0m                 ..Default::default()
             })))
         }
Diff in \\?\F:\slicerProject\pinch_n_print_cli\crates\slicer-runtime\tests\integration\runtime_wiring_tdd.rs:425:
     };
 
     let config = PipelineConfig {
[31m-// exhaustive: PipelineStageRunners explicit boundary fixture for this integration test
[0m[31m-        ..common::pipeline_config_base(empty_mesh_ir(), plan, PipelineStageRunners {
[0m[31m-            prepass: Box::new(OneLayerPrepass),
[0m[31m-            layer: Box::new(NoopLayerRunner),
[0m[31m-            finalization: Box::new(NoopFinalizationRunner),
[0m[31m-            postpass: Box::new(NoopPostpassRunner),
[0m[31m-            emitter: Box::new(MinimalEmitter),
[0m[31m-            serializer: Box::new(MinimalSerializer),
[0m[31m-        })
[0m[32m+        // exhaustive: PipelineStageRunners explicit boundary fixture for this integration test
[0m[32m+        ..common::pipeline_config_base(
[0m[32m+            empty_mesh_ir(),
[0m[32m+            plan,
[0m[32m+            PipelineStageRunners {
[0m[32m+                prepass: Box::new(OneLayerPrepass),
[0m[32m+                layer: Box::new(NoopLayerRunner),
[0m[32m+                finalization: Box::new(NoopFinalizationRunner),
[0m[32m+                postpass: Box::new(NoopPostpassRunner),
[0m[32m+                emitter: Box::new(MinimalEmitter),
[0m[32m+                serializer: Box::new(MinimalSerializer),
[0m[32m+            },
[0m[32m+        )
[0m     };
 
     let result = run_pipeline(config);
Diff in \\?\F:\slicerProject\pinch_n_print_cli\crates\slicer-runtime\tests\integration\support_geometry_config_normalization_tdd.rs:118:
                     catchup_z_bottom: 0.0,
                     tool_index: 0,
 
[31m-        ..Default::default()
[0m[31m-    })
[0m[32m+                    ..Default::default()
[0m[32m+                })
[0m                 .collect();
             GlobalLayer {
                 index: i,
Diff in \\?\F:\slicerProject\pinch_n_print_cli\crates\slicer-runtime\tests\integration\support_geometry_config_normalization_tdd.rs:128:
                 has_nonplanar: false,
                 is_sync_layer: false,
 
[31m-        ..Default::default()
[0m[31m-    }
[0m[32m+                ..Default::default()
[0m[32m+            }
[0m         })
         .collect();
     let mut object_participation = HashMap::new();
Diff in \\?\F:\slicerProject\pinch_n_print_cli\crates\slicer-runtime\tests\common\ir_builders.rs:195:
                         infill_areas,
                         seam_candidates: Vec::new(),
                         resolved_seam: None,
[31m-                    
[0m[31m-                        ..Default::default()}
[0m[32m+
[0m[32m+                        ..Default::default()
[0m[32m+                    }
[0m                 })
                 .collect();
             PerimeterIR {
Diff in \\?\F:\slicerProject\pinch_n_print_cli\crates\slicer-runtime\tests\common\ir_builders.rs:279:
             overhang_quartile: None,
             dist_to_top_mm: 0.0,
             overhang_distance_mm: None,
[31m-        
[0m[31m-            ..Default::default()})
[0m[32m+
[0m[32m+            ..Default::default()
[0m[32m+        })
[0m         .collect();
     let feature_flags: Vec<WallFeatureFlags> = (0..point_count)
         .map(|_| WallFeatureFlags {
Diff in \\?\F:\slicerProject\pinch_n_print_cli\crates\slicer-runtime\tests\common\ir_builders.rs:290:
             is_thin_wall: false,
             skip_ironing: false,
             custom: std::collections::HashMap::new(),
[31m-        
[0m[31m-            ..Default::default()})
[0m[32m+
[0m[32m+            ..Default::default()
[0m[32m+        })
[0m         .collect();
 
[31m-    WallLoop { // exhaustive: test fixture intentionally specifies the  boundary
[0m[32m+    WallLoop {
[0m[32m+        // exhaustive: test fixture intentionally specifies the  boundary
[0m         perimeter_index,
         loop_type: LoopType::Outer,
         path: ExtrusionPath3D {
Diff in \\?\F:\slicerProject\pinch_n_print_cli\crates\slicer-runtime\tests\common\mod.rs:39:
     plan: ExecutionPlan,
     runners: PipelineStageRunners,
 ) -> PipelineConfig {
[31m-    PipelineConfig { // exhaustive: test fixture intentionally specifies the  boundary
[0m[32m+    PipelineConfig {
[0m[32m+        // exhaustive: test fixture intentionally specifies the  boundary
[0m         // exhaustive: single per-crate construction point for trait-object holder PipelineConfig
         cancel_flag: None,
         mesh_ir,
Diff in \\?\F:\slicerProject\pinch_n_print_cli\crates\slicer-runtime\tests\common\mod.rs:159:
         modifier_volumes: Vec::new(),
         paint_data: None,
         world_z_extent: None,
[31m-    
[0m[31m-        ..Default::default()}
[0m[32m+
[0m[32m+        ..Default::default()
[0m[32m+    }
[0m }
 
 /// Reserved for future non-axis-aligned surface normal tests.
Diff in \\?\F:\slicerProject\pinch_n_print_cli\crates\slicer-runtime\tests\common\mod.rs:183:
         modifier_volumes: Vec::new(),
         paint_data: None,
         world_z_extent: None,
[31m-    
[0m[31m-        ..Default::default()}
[0m[32m+
[0m[32m+        ..Default::default()
[0m[32m+    }
[0m }
 
 // ── Ordered-entities counter serialization (D-113B) ───────────────────────
Diff in \\?\F:\slicerProject\pinch_n_print_cli\crates\slicer-runtime\tests\common\mod.rs:440:
                     retracts,
                     travel_moves,
                     order_proposal: None,
[31m-                
[0m[31m-                    ..Default::default()}))
[0m[32m+
[0m[32m+                    ..Default::default()
[0m[32m+                }))
[0m             }
         }
         _ => None,
Diff in \\?\F:\slicerProject\pinch_n_print_cli\crates\slicer-runtime\tests\common\mod.rs:459:
 // so existing test call sites can use the new trait boundary with minimal churn.
 
 pub fn layer_input<'a>(blackboard: &'a Blackboard, arena: &'a LayerArena) -> LayerStageInput<'a> {
[31m-    LayerStageInput { // exhaustive: test fixture intentionally specifies the  boundary
[0m[32m+    LayerStageInput {
[0m[32m+        // exhaustive: test fixture intentionally specifies the  boundary
[0m         mesh: blackboard.mesh().clone(),
         paint_regions: None,
         seam_plan: blackboard.seam_plan().cloned(),
Diff in \\?\F:\slicerProject\pinch_n_print_cli\crates\slicer-runtime\tests\common\mod.rs:475:
 }
 
 pub fn prepass_input(blackboard: &Blackboard) -> PrepassStageInput<'_> {
[31m-    PrepassStageInput { // exhaustive: test fixture intentionally specifies the  boundary
[0m[32m+    PrepassStageInput {
[0m[32m+        // exhaustive: test fixture intentionally specifies the  boundary
[0m         mesh: blackboard.mesh().clone(),
         layer_plan: blackboard.layer_plan().cloned(),
         slice_ir: blackboard.slice_ir().cloned(),
Diff in \\?\F:\slicerProject\pinch_n_print_cli\crates\slicer-runtime\tests\common\perimeter_harness.rs:223:
         WasmRuntimeDispatcher::new(Arc::clone(&engine)),
     ));
     let sink = capturing_runner.sink();
[31m-    let pipeline_config = PipelineConfig { // exhaustive: test fixture intentionally specifies the  boundary
[0m[32m+    let pipeline_config = PipelineConfig {
[0m[32m+        // exhaustive: test fixture intentionally specifies the  boundary
[0m         mesh_ir: mesh,
         plan,
[31m-        runners: PipelineStageRunners { // exhaustive: test fixture intentionally specifies the  boundary
[0m[32m+        runners: PipelineStageRunners {
[0m[32m+            // exhaustive: test fixture intentionally specifies the  boundary
[0m             prepass: Box::new(WasmRuntimeDispatcher::new(Arc::clone(&engine))),
             layer: Box::new(capturing_runner),
             finalization: Box::new(WasmRuntimeDispatcher::new(Arc::clone(&engine))),
Diff in \\?\F:\slicerProject\pinch_n_print_cli\crates\slicer-runtime\tests\unit\blackboard_layer_arena_tdd.rs:241:
                 active_regions: Vec::new(),
                 has_nonplanar: false,
                 is_sync_layer: true,
[31m-            
[0m[31m-                ..Default::default()},
[0m[32m+
[0m[32m+                ..Default::default()
[0m[32m+            },
[0m             GlobalLayer {
                 index: 1,
                 z: 0.4,
Diff in \\?\F:\slicerProject\pinch_n_print_cli\crates\slicer-runtime\tests\unit\blackboard_layer_arena_tdd.rs:249:
                 active_regions: Vec::new(),
                 has_nonplanar: false,
                 is_sync_layer: false,
[31m-            
[0m[31m-                ..Default::default()},
[0m[32m+
[0m[32m+                ..Default::default()
[0m[32m+            },
[0m         ],
         ..Default::default()
     }
Diff in \\?\F:\slicerProject\pinch_n_print_cli\crates\slicer-runtime\tests\unit\blackboard_layer_arena_tdd.rs:303:
     LayerCollectionIR {
         global_layer_index,
         z,
[31m-        ordered_entities: vec![PrintEntity { // exhaustive: test fixture intentionally specifies the  boundary
[0m[32m+        ordered_entities: vec![PrintEntity {
[0m[32m+            // exhaustive: test fixture intentionally specifies the  boundary
[0m             entity_id: 1,
             path: ExtrusionPath3D {
                 points: vec![Point3WithWidth {
Diff in \\?\F:\slicerProject\pinch_n_print_cli\crates\slicer-runtime\tests\unit\bridge_detector_tdd.rs:232:
         modifier_volumes: vec![],
         paint_data: None,
         world_z_extent: None,
[31m-    
[0m[31m-        ..Default::default()};
[0m 
[32m+        ..Default::default()
[0m[32m+    };
[0m[32m+
[0m     MeshIR {
         schema_version: slicer_ir::SemVer {
             major: 1,
Diff in \\?\F:\slicerProject\pinch_n_print_cli\crates\slicer-runtime\tests\unit\bridge_detector_tdd.rs:281:
         modifier_volumes: vec![],
         paint_data: None,
         world_z_extent: None,
[31m-    
[0m[31m-        ..Default::default()};
[0m[32m+
[0m[32m+        ..Default::default()
[0m[32m+    };
[0m     MeshIR {
         schema_version: slicer_ir::SemVer {
             major: 1,
Diff in \\?\F:\slicerProject\pinch_n_print_cli\crates\slicer-runtime\tests\unit\bridge_detector_tdd.rs:350:
         modifier_volumes: vec![],
         paint_data: None,
         world_z_extent: None,
[31m-    
[0m[31m-        ..Default::default()};
[0m[32m+
[0m[32m+        ..Default::default()
[0m[32m+    };
[0m     MeshIR {
         schema_version: slicer_ir::SemVer {
             major: 1,
Diff in \\?\F:\slicerProject\pinch_n_print_cli\crates\slicer-runtime\tests\unit\bridge_detector_tdd.rs:732:
         expansion_margin_mm: 1.5,
         is_valid: true,
         xy_footprint: vec![footprint],
[31m-    
[0m[31m-        ..Default::default()};
[0m 
[32m+        ..Default::default()
[0m[32m+    };
[0m[32m+
[0m     let obj_surface = ObjectSurfaceData {
         facet_classes: vec![],
         surface_groups: vec![],
Diff in \\?\F:\slicerProject\pinch_n_print_cli\crates\slicer-runtime\tests\unit\bridge_detector_tdd.rs:769:
         bridge_areas: vec![],
         bridge_orientation_deg: 0.0,
         sparse_infill_area: Vec::new(),
[31m-    
[0m[31m-        ..Default::default()};
[0m 
[32m+        ..Default::default()
[0m[32m+    };
[0m[32m+
[0m     assemble_bridge_areas(&mut sliced_region, Some(&sc_ir));
 
     assert!(
Diff in \\?\F:\slicerProject\pinch_n_print_cli\crates\slicer-runtime\tests\unit\bridge_detector_tdd.rs:842:
         expansion_margin_mm: 1.5,
         is_valid: true,
         xy_footprint: v_footprint,
[31m-    
[0m[31m-        ..Default::default()};
[0m 
[32m+        ..Default::default()
[0m[32m+    };
[0m[32m+
[0m     let obj_surface = ObjectSurfaceData {
         facet_classes: vec![],
         surface_groups: vec![],
Diff in \\?\F:\slicerProject\pinch_n_print_cli\crates\slicer-runtime\tests\unit\bridge_detector_tdd.rs:879:
         bridge_areas: vec![],
         bridge_orientation_deg: 0.0,
         sparse_infill_area: Vec::new(),
[31m-    
[0m[31m-        ..Default::default()};
[0m 
[32m+        ..Default::default()
[0m[32m+    };
[0m[32m+
[0m     // Must not panic.
     assemble_bridge_areas(&mut sliced_region, Some(&sc_ir));
 
Diff in \\?\F:\slicerProject\pinch_n_print_cli\crates\slicer-runtime\tests\unit\bridge_detector_tdd.rs:936:
         modifier_volumes: vec![],
         paint_data: None,
         world_z_extent: None,
[31m-    
[0m[31m-        ..Default::default()};
[0m[32m+
[0m[32m+        ..Default::default()
[0m[32m+    };
[0m     let mesh_ir = MeshIR {
         schema_version: slicer_ir::SemVer {
             major: 1,
Diff in \\?\F:\slicerProject\pinch_n_print_cli\crates\slicer-runtime\tests\unit\bridge_detector_tdd.rs:964:
     let layer = GlobalLayer {
         index: 0,
         z: 0.5,
[31m-        active_regions: vec![ActiveRegion { // exhaustive: test fixture intentionally specifies the  boundary
[0m[32m+        active_regions: vec![ActiveRegion {
[0m[32m+            // exhaustive: test fixture intentionally specifies the  boundary
[0m             object_id: object_id.clone(),
             region_id: RegionId::default(),
             resolved_config: slicer_ir::ResolvedConfig::default(),
Diff in \\?\F:\slicerProject\pinch_n_print_cli\crates\slicer-runtime\tests\unit\bridge_detector_tdd.rs:977:
         has_nonplanar: false,
         is_sync_layer: false,
 
[31m-    ..Default::default()    
[0m[31m-        ..Default::default()};
[0m[32m+        ..Default::default()..Default::default()
[0m[32m+    };
[0m 
     let slice_ir = execute_prepass_slice_single_layer(&mesh_ir, &layer, Some(&analysis), None)
         .expect("execute_layer_slice must succeed");
Diff in \\?\F:\slicerProject\pinch_n_print_cli\crates\slicer-runtime\tests\unit\bridge_detector_tdd.rs:1022:
     let layer = GlobalLayer {
         index: 0,
         z: 1.0,
[31m-        active_regions: vec![ActiveRegion { // exhaustive: test fixture intentionally specifies the  boundary
[0m[32m+        active_regions: vec![ActiveRegion {
[0m[32m+            // exhaustive: test fixture intentionally specifies the  boundary
[0m             object_id: "bridge-obj".to_string(),
             region_id: RegionId::default(),
             resolved_config: slicer_ir::ResolvedConfig::default(),
Diff in \\?\F:\slicerProject\pinch_n_print_cli\crates\slicer-runtime\tests\unit\bridge_detector_tdd.rs:1035:
         has_nonplanar: false,
         is_sync_layer: false,
 
[31m-    ..Default::default()    
[0m[31m-        ..Default::default()};
[0m[32m+        ..Default::default()..Default::default()
[0m[32m+    };
[0m 
     let slice_ir = execute_prepass_slice_single_layer(&mesh_ir, &layer, Some(&result), None)
         .expect("execute_layer_slice must succeed");
Diff in \\?\F:\slicerProject\pinch_n_print_cli\crates\slicer-runtime\tests\unit\bridge_detector_tdd.rs:1081:
     let layer = GlobalLayer {
         index: 5,
         z: 11.5,
[31m-        active_regions: vec![ActiveRegion { // exhaustive: test fixture intentionally specifies the  boundary
[0m[32m+        active_regions: vec![ActiveRegion {
[0m[32m+            // exhaustive: test fixture intentionally specifies the  boundary
[0m             object_id: "slab-obj".to_string(),
             region_id: RegionId::default(),
             resolved_config: slicer_ir::ResolvedConfig::default(),
Diff in \\?\F:\slicerProject\pinch_n_print_cli\crates\slicer-runtime\tests\unit\bridge_detector_tdd.rs:1094:
         has_nonplanar: false,
         is_sync_layer: false,
 
[31m-    ..Default::default()    
[0m[31m-        ..Default::default()};
[0m[32m+        ..Default::default()..Default::default()
[0m[32m+    };
[0m 
     // This layer's cross-section: the full beam. The previous layer: two end
     // pillars. Their diff is the 20×10 middle gap = the unsupported flat span.
Diff in \\?\F:\slicerProject\pinch_n_print_cli\crates\slicer-runtime\tests\unit\bridge_detector_tdd.rs:1180:
         let layer = GlobalLayer {
             index,
             z,
[31m-            active_regions: vec![ActiveRegion { // exhaustive: test fixture intentionally specifies the  boundary
[0m[32m+            active_regions: vec![ActiveRegion {
[0m[32m+                // exhaustive: test fixture intentionally specifies the  boundary
[0m                 object_id: "box-obj".to_string(),
                 region_id: RegionId::default(),
                 resolved_config: slicer_ir::ResolvedConfig::default(),
Diff in \\?\F:\slicerProject\pinch_n_print_cli\crates\slicer-runtime\tests\unit\bridge_detector_tdd.rs:1191:
                 tool_index: 0,
             }],
             has_nonplanar: false,
[31m-            is_sync_layer: 
[0m[31m-     false,
[0m[31m-        
[0m[31m-            ..Default::default()};
[0m[32m+            is_sync_layer: false,
[0m[32m+
[0m[32m+            ..Default::default()
[0m[32m+        };
[0m         let cache = PrepassSliceCache {
             raw_polygons: &footprint,
             prev_raw_polygons,
Diff in \\?\F:\slicerProject\pinch_n_print_cli\crates\slicer-runtime\tests\unit\cancel_flag_tdd.rs:44:
         progress_events: false,
         cancel_flag: Some(cancel_flag),
         config_overrides: HashMap::new(),
[31m-    
[0m[31m-        ..Default::default()};
[0m[32m+
[0m[32m+        ..Default::default()
[0m[32m+    };
[0m     let collector = Arc::new(Mutex::new(SliceEventCollector::new()));
     match run_slice_with_collector(opts, Some(Arc::clone(&collector))) {
         Ok(outcome) => {
Diff in \\?\F:\slicerProject\pinch_n_print_cli\crates\slicer-runtime\tests\unit\cancel_flag_tdd.rs:122:
         per_layer_stages: Vec::new(),
         layer_finalization_stage: None,
         postpass_stages: Vec::new(),
[31m-        global_layers: Arc::new(vec![GlobalLayer { // exhaustive: test fixture intentionally specifies the  boundary
[0m[32m+        global_layers: Arc::new(vec![GlobalLayer {
[0m[32m+            // exhaustive: test fixture intentionally specifies the  boundary
[0m             index: 0,
             z: 0.2,
             active_regions: Vec::new(),
Diff in \\?\F:\slicerProject\pinch_n_print_cli\crates\slicer-runtime\tests\unit\cancel_flag_tdd.rs:132:
         region_plans: Arc::new(HashMap::new()),
         module_region_index: HashMap::new(),
         aggregated_region_split: std::collections::BTreeMap::new(),
[31m-    
[0m[31m-        ..Default::default()}
[0m[32m+
[0m[32m+        ..Default::default()
[0m[32m+    }
[0m }
 
 struct NoopLayerRunner;
Diff in \\?\F:\slicerProject\pinch_n_print_cli\crates\slicer-runtime\tests\unit\dag_validation_tdd.rs:37:
     let beta = loaded_module("com.example.beta", stage).with_claims(&["infill-generator"]);
     let alpha_module = alpha.clone().build();
     let beta_module = beta.clone().build();
[31m-    let request = DagValidationRequest { // exhaustive: test fixture intentionally specifies the  boundary
[0m[32m+    let request = DagValidationRequest {
[0m[32m+        // exhaustive: test fixture intentionally specifies the  boundary
[0m         modules: vec![alpha_module, beta_module],
         stage_dags: vec![stage_dag(stage, &[alpha.clone(), beta.clone()])],
         host_ir_schema_version: semver(1, 0, 0),
Diff in \\?\F:\slicerProject\pinch_n_print_cli\crates\slicer-runtime\tests\unit\dag_validation_tdd.rs:108:
     let beta = loaded_module("com.example.beta", stage);
     let gamma =
         loaded_module("com.example.gamma", stage).with_ir_range(semver(9, 0, 0), semver(10, 0, 0));
[31m-    let request = DagValidationRequest { // exhaustive: test fixture intentionally specifies the  boundary
[0m[32m+    let request = DagValidationRequest {
[0m[32m+        // exhaustive: test fixture intentionally specifies the  boundary
[0m         modules: vec![
             alpha.clone().build(),
             beta.clone().build(),
Diff in \\?\F:\slicerProject\pinch_n_print_cli\crates\slicer-runtime\tests\unit\dag_validation_tdd.rs:161:
     .build();
     let producers: Vec<&dyn Producer> = vec![&module];
     let nodes = build_intra_stage_dag(stage.to_string(), &producers).expect("dag should build");
[31m-    let request = DagValidationRequest { // exhaustive: test fixture intentionally specifies the  boundary
[0m[32m+    let request = DagValidationRequest {
[0m[32m+        // exhaustive: test fixture intentionally specifies the  boundary
[0m         modules: vec![module],
         stage_dags: vec![StageDag {
             stage: stage.to_string(),
Diff in \\?\F:\slicerProject\pinch_n_print_cli\crates\slicer-runtime\tests\unit\dag_validation_tdd.rs:188:
 fn module_compatible_with_running_host_produces_no_host_version_error() {
     let stage = "Layer::Support";
     let alpha = loaded_module("com.example.alpha", stage);
[31m-    let request = DagValidationRequest { // exhaustive: test fixture intentionally specifies the  boundary
[0m[32m+    let request = DagValidationRequest {
[0m[32m+        // exhaustive: test fixture intentionally specifies the  boundary
[0m         modules: vec![alpha.clone().build()],
         stage_dags: vec![stage_dag(stage, &[alpha])],
         host_ir_schema_version: semver(1, 0, 0),
Diff in \\?\F:\slicerProject\pinch_n_print_cli\crates\slicer-runtime\tests\unit\dag_validation_tdd.rs:222:
     let dead_writer = loaded_module("com.example.dead-writer", stage)
         .with_reads(&[])
         .with_writes(&["PerimeterIR.regions.walls.unused"]);
[31m-    let request = DagValidationRequest { // exhaustive: test fixture intentionally specifies the  boundary
[0m[32m+    let request = DagValidationRequest {
[0m[32m+        // exhaustive: test fixture intentionally specifies the  boundary
[0m         modules: vec![
             alpha.clone().build(),
             beta.clone().build(),
Diff in \\?\F:\slicerProject\pinch_n_print_cli\crates\slicer-runtime\tests\unit\dag_validation_tdd.rs:265:
         .with_writes(&["PerimeterIR.regions.walls.shared"]);
     let beta =
         loaded_module("com.example.beta", stage).with_writes(&["PerimeterIR.regions.walls.shared"]);
[31m-    let request = DagValidationRequest { // exhaustive: test fixture intentionally specifies the  boundary
[0m[32m+    let request = DagValidationRequest {
[0m[32m+        // exhaustive: test fixture intentionally specifies the  boundary
[0m         modules: vec![alpha.clone().build(), beta.clone().build()],
         stage_dags: vec![stage_dag(stage, &[alpha, beta])],
         host_ir_schema_version: semver(1, 0, 0),
Diff in \\?\F:\slicerProject\pinch_n_print_cli\crates\slicer-runtime\tests\unit\dag_validation_tdd.rs:308:
         .with_reads(&["PerimeterIR.regions.walls.shared"])
         .with_writes(&["PerimeterIR.regions.walls.shared"])
         .with_requires_modules(&["com.example.alpha"]);
[31m-    let request = DagValidationRequest { // exhaustive: test fixture intentionally specifies the  boundary
[0m[32m+    let request = DagValidationRequest {
[0m[32m+        // exhaustive: test fixture intentionally specifies the  boundary
[0m         modules: vec![alpha.clone().build(), beta.clone().build()],
         stage_dags: vec![stage_dag(stage, &[alpha, beta])],
         host_ir_schema_version: semver(1, 0, 0),
Diff in \\?\F:\slicerProject\pinch_n_print_cli\crates\slicer-runtime\tests\unit\dag_validation_tdd.rs:461:
             runtime_writes.push(String::from("SliceIR.regions.undeclared_write"));
         }
 
[31m-        ModuleAccessAudit { // exhaustive: test fixture intentionally specifies the  boundary
[0m[32m+        ModuleAccessAudit {
[0m[32m+            // exhaustive: test fixture intentionally specifies the  boundary
[0m             module_id: module_id.to_string(),
             runtime_reads,
             runtime_writes,
Diff in \\?\F:\slicerProject\pinch_n_print_cli\crates\slicer-runtime\tests\unit\dag_validation_tdd.rs:495:
         &["MeshIR".to_string(), "SliceIR.regions.polygons".to_string()],
         &["SliceIR".to_string()],
     );
[31m-    let request = DagValidationRequest { // exhaustive: test fixture intentionally specifies the  boundary
[0m[32m+    let request = DagValidationRequest {
[0m[32m+        // exhaustive: test fixture intentionally specifies the  boundary
[0m         modules: vec![earlier.clone().build(), later.clone().build()],
         stage_dags: vec![
             stage_dag("Layer::SlicePostProcess", &[earlier.clone()]),
Diff in \\?\F:\slicerProject\pinch_n_print_cli\crates\slicer-runtime\tests\unit\dag_validation_tdd.rs:558:
     let beta = loaded_module("com.example.beta", "PrePass::LayerPlanning")
         .with_requires_modules(&["com.example.gamma"]);
     let gamma = loaded_module("com.example.gamma", "Layer::Support");
[31m-    let request = DagValidationRequest { // exhaustive: test fixture intentionally specifies the  boundary
[0m[32m+    let request = DagValidationRequest {
[0m[32m+        // exhaustive: test fixture intentionally specifies the  boundary
[0m         modules: vec![
             alpha.clone().build(),
             beta.clone().build(),
Diff in \\?\F:\slicerProject\pinch_n_print_cli\crates\slicer-runtime\tests\unit\dag_validation_tdd.rs:668:
 }
 
 fn loaded_module(id: &str, stage: &str) -> LoadedModuleBuilder {
[31m-    LoadedModuleBuilder { // exhaustive: test fixture intentionally specifies the  boundary
[0m[32m+    LoadedModuleBuilder {
[0m[32m+        // exhaustive: test fixture intentionally specifies the  boundary
[0m         id: String::from(id),
         stage: String::from(stage),
         ir_reads: Vec::new(),
Diff in \\?\F:\slicerProject\pinch_n_print_cli\crates\slicer-runtime\tests\unit\dag_validation_tdd.rs:795:
         modules.len()
     );
 
[31m-    let request = DagValidationRequest { // exhaustive: test fixture intentionally specifies the  boundary
[0m[32m+    let request = DagValidationRequest {
[0m[32m+        // exhaustive: test fixture intentionally specifies the  boundary
[0m         modules,
         stage_dags: Vec::new(),
         host_ir_schema_version: CURRENT_SLICE_IR_SCHEMA_VERSION,
Diff in \\?\F:\slicerProject\pinch_n_print_cli\crates\slicer-runtime\tests\unit\dag_validation_tdd.rs:840:
         .with_reads(&["SliceIR", "PaintRegionIR"])
         .with_writes(&["PerimeterIR"])
         .with_claims(&["perimeter-generator"]);
[31m-    let request = DagValidationRequest { // exhaustive: test fixture intentionally specifies the  boundary
[0m[32m+    let request = DagValidationRequest {
[0m[32m+        // exhaustive: test fixture intentionally specifies the  boundary
[0m         modules: vec![arachne.clone().build(), classic.clone().build()],
         stage_dags: vec![stage_dag(stage, &[arachne, classic])],
         host_ir_schema_version: semver(1, 0, 0),
Diff in \\?\F:\slicerProject\pinch_n_print_cli\crates\slicer-runtime\tests\unit\layer_collection_builder_tdd.rs:49:
         overhang_quartile: None,
         dist_to_top_mm: 0.0,
         overhang_distance_mm: None,
[31m-    
[0m[31m-        ..Default::default()}
[0m[32m+
[0m[32m+        ..Default::default()
[0m[32m+    }
[0m }
 
 fn entity_with_points(points: Vec<Point3WithWidth>, original_idx: u32) -> PrintEntity {
Diff in \\?\F:\slicerProject\pinch_n_print_cli\crates\slicer-runtime\tests\unit\layer_collection_builder_tdd.rs:57:
     let role = ExtrusionRole::SparseInfill;
[31m-    PrintEntity { // exhaustive: test fixture intentionally specifies the  boundary
[0m[32m+    PrintEntity {
[0m[32m+        // exhaustive: test fixture intentionally specifies the  boundary
[0m         entity_id: (original_idx as u64) + 1,
         path: ExtrusionPath3D {
             points,
Diff in \\?\F:\slicerProject\pinch_n_print_cli\crates\slicer-runtime\tests\unit\layer_collection_builder_tdd.rs:94:
         annotations: Vec::new(),
         retracts: Vec::new(),
         travel_moves: Vec::new(),
[31m-    
[0m[31m-        ..Default::default()});
[0m[32m+
[0m[32m+        ..Default::default()
[0m[32m+    });
[0m     arena
 }
 
Diff in \\?\F:\slicerProject\pinch_n_print_cli\crates\slicer-runtime\tests\unit\layer_collection_builder_tdd.rs:113:
         annotations: Vec::new(),
         retracts: Vec::new(),
         travel_moves: Vec::new(),
[31m-    
[0m[31m-        ..Default::default()});
[0m[32m+
[0m[32m+        ..Default::default()
[0m[32m+    });
[0m     arena
 }
 
Diff in \\?\F:\slicerProject\pinch_n_print_cli\crates\slicer-runtime\tests\unit\layer_collection_builder_tdd.rs:262:
     original_idx: u32,
     role: ExtrusionRole,
 ) -> PrintEntity {
[31m-    PrintEntity { // exhaustive: test fixture intentionally specifies the  boundary
[0m[32m+    PrintEntity {
[0m[32m+        // exhaustive: test fixture intentionally specifies the  boundary
[0m         entity_id: (original_idx as u64) + 1,
         path: ExtrusionPath3D {
             points,
Diff in \\?\F:\slicerProject\pinch_n_print_cli\crates\slicer-runtime\tests\unit\layer_collection_builder_tdd.rs:303:
         annotations: Vec::new(),
         retracts: Vec::new(),
         travel_moves: Vec::new(),
[31m-    
[0m[31m-        ..Default::default()});
[0m 
[32m+        ..Default::default()
[0m[32m+    });
[0m[32m+
[0m     let views = project_ordered_entities(&arena);
 
     assert_eq!(
Diff in \\?\F:\slicerProject\pinch_n_print_cli\crates\slicer-runtime\tests\unit\layer_collection_builder_tdd.rs:507:
             overhang_quartile: None,
             dist_to_top_mm: 0.0,
             overhang_distance_mm: None,
[31m-        
[0m[31m-            ..Default::default()},
[0m[32m+
[0m[32m+            ..Default::default()
[0m[32m+        },
[0m         Point3WithWidth {
             x: x + 1.0,
             y: 0.0,
Diff in \\?\F:\slicerProject\pinch_n_print_cli\crates\slicer-runtime\tests\unit\layer_collection_builder_tdd.rs:518:
             overhang_quartile: None,
             dist_to_top_mm: 0.0,
             overhang_distance_mm: None,
[31m-        
[0m[31m-            ..Default::default()},
[0m[32m+
[0m[32m+            ..Default::default()
[0m[32m+        },
[0m     ];
[31m-    WallLoop { // exhaustive: test fixture intentionally specifies the  boundary
[0m[32m+    WallLoop {
[0m[32m+        // exhaustive: test fixture intentionally specifies the  boundary
[0m         perimeter_index,
         loop_type: LoopType::Outer,
         path: ExtrusionPath3D {
Diff in \\?\F:\slicerProject\pinch_n_print_cli\crates\slicer-runtime\tests\unit\layer_collection_builder_tdd.rs:541:
                 is_thin_wall: false,
                 skip_ironing: false,
                 custom: HashMap::new(),
[31m-            
[0m[31m-                ..Default::default()})
[0m[32m+
[0m[32m+                ..Default::default()
[0m[32m+            })
[0m             .collect(),
         boundary_type: WallBoundaryType::Interior,
     }
Diff in \\?\F:\slicerProject\pinch_n_print_cli\crates\slicer-runtime\tests\unit\layer_collection_builder_tdd.rs:567:
             }],
             seam_candidates: Vec::new(),
             resolved_seam: None,
[31m-        
[0m[31m-            ..Default::default()})
[0m[32m+
[0m[32m+            ..Default::default()
[0m[32m+        })
[0m         .collect();
     PerimeterIR {
         schema_version: semver_v(1, 0, 0),
Diff in \\?\F:\slicerProject\pinch_n_print_cli\crates\slicer-runtime\tests\unit\layer_collection_builder_tdd.rs:679:
         ],
         layer_finalization_stage: None,
         postpass_stages: Vec::new(),
[31m-        global_layers: Arc::new(vec![GlobalLayer { // exhaustive: test fixture intentionally specifies the  boundary
[0m[32m+        global_layers: Arc::new(vec![GlobalLayer {
[0m[32m+            // exhaustive: test fixture intentionally specifies the  boundary
[0m             index: 0,
             z: 0.2,
             active_regions: Vec::new(),
Diff in \\?\F:\slicerProject\pinch_n_print_cli\crates\slicer-runtime\tests\unit\layer_collection_builder_tdd.rs:689:
         region_plans: Arc::new(HashMap::new()),
         module_region_index: HashMap::new(),
         aggregated_region_split: BTreeMap::new(),
[31m-    
[0m[31m-        ..Default::default()};
[0m[32m+
[0m[32m+        ..Default::default()
[0m[32m+    };
[0m     let mut blackboard = Blackboard::new(empty_mesh_ir(), 1);
     seed_slice_ir(&mut blackboard, &plan);
     let runner = PerimeterSeedingRunner {
Diff in \\?\F:\slicerProject\pinch_n_print_cli\crates\slicer-runtime\tests\unit\mesh_analysis_overhang_xy_footprint_tdd.rs:73:
             modifier_volumes: vec![],
             paint_data: None,
             world_z_extent: None,
[31m-        
[0m[31m-            ..Default::default()}],
[0m[32m+
[0m[32m+            ..Default::default()
[0m[32m+        }],
[0m         build_volume: build_volume(),
     }
 }
Diff in \\?\F:\slicerProject\pinch_n_print_cli\crates\slicer-runtime\tests\unit\mesh_analysis_overhang_xy_footprint_tdd.rs:107:
             modifier_volumes: vec![],
             paint_data: None,
             world_z_extent: None,
[31m-        
[0m[31m-            ..Default::default()}],
[0m[32m+
[0m[32m+            ..Default::default()
[0m[32m+        }],
[0m         build_volume: build_volume(),
     }
 }
Diff in \\?\F:\slicerProject\pinch_n_print_cli\crates\slicer-runtime\tests\unit\mesh_analysis_tdd.rs:121:
             modifier_volumes: vec![],
             paint_data: None,
             world_z_extent: None,
[31m-        
[0m[31m-            ..Default::default()}],
[0m[32m+
[0m[32m+            ..Default::default()
[0m[32m+        }],
[0m         build_volume: build_volume(),
     };
 
Diff in \\?\F:\slicerProject\pinch_n_print_cli\crates\slicer-runtime\tests\unit\mesh_analysis_tdd.rs:245:
         region_plans: Arc::new(HashMap::new()),
         module_region_index: HashMap::new(),
         aggregated_region_split: BTreeMap::new(),
[31m-    
[0m[31m-        ..Default::default()}
[0m[32m+
[0m[32m+        ..Default::default()
[0m[32m+    }
[0m }
 
 fn sv(major: u32, minor: u32, patch: u32) -> SemVer {
Diff in \\?\F:\slicerProject\pinch_n_print_cli\crates\slicer-runtime\tests\unit\mesh_analysis_tdd.rs:302:
             modifier_volumes: vec![],
             paint_data: None,
             world_z_extent: None,
[31m-        
[0m[31m-            ..Default::default()}],
[0m[32m+
[0m[32m+            ..Default::default()
[0m[32m+        }],
[0m         build_volume: build_volume(),
     }
 }
Diff in \\?\F:\slicerProject\pinch_n_print_cli\crates\slicer-runtime\tests\unit\mesh_analysis_tdd.rs:336:
             modifier_volumes: vec![],
             paint_data: None,
             world_z_extent: None,
[31m-        
[0m[31m-            ..Default::default()}],
[0m[32m+
[0m[32m+            ..Default::default()
[0m[32m+        }],
[0m         build_volume: build_volume(),
     }
 }
Diff in \\?\F:\slicerProject\pinch_n_print_cli\crates\slicer-runtime\tests\unit\multi_object_transform_world_z_tdd.rs:235:
         modifier_volumes: Vec::new(),
         paint_data: None,
         world_z_extent: Some((-1.0, 0.0)),
[31m-    
[0m[31m-        ..Default::default()};
[0m 
[32m+        ..Default::default()
[0m[32m+    };
[0m[32m+
[0m     // Object B: translate by +10 in Z
     let mut trans_z10 = identity_transform().matrix;
     trans_z10[14] = 10.0;
Diff in \\?\F:\slicerProject\pinch_n_print_cli\crates\slicer-runtime\tests\unit\multi_object_transform_world_z_tdd.rs:251:
         modifier_volumes: Vec::new(),
         paint_data: None,
         world_z_extent: Some((10.0, 11.0)),
[31m-    
[0m[31m-        ..Default::default()};
[0m 
[32m+        ..Default::default()
[0m[32m+    };
[0m[32m+
[0m     MeshIR {
         schema_version: semver(1, 0, 0),
         objects: vec![obj_a, obj_b],
Diff in \\?\F:\slicerProject\pinch_n_print_cli\crates\slicer-runtime\tests\unit\multi_object_transform_world_z_tdd.rs:299:
                 modifier_volumes: Vec::new(),
                 paint_data: None,
                 world_z_extent: Some((-1.0, 0.0)),
[31m-            
[0m[31m-                ..Default::default()},
[0m[32m+
[0m[32m+                ..Default::default()
[0m[32m+            },
[0m             ObjectMesh {
                 id: String::from("object-b"),
                 mesh: unit_cube_its(),
Diff in \\?\F:\slicerProject\pinch_n_print_cli\crates\slicer-runtime\tests\unit\multi_object_transform_world_z_tdd.rs:311:
                 modifier_volumes: Vec::new(),
                 paint_data: None,
                 world_z_extent: Some((10.0, 11.0)),
[31m-            
[0m[31m-                ..Default::default()},
[0m[32m+
[0m[32m+                ..Default::default()
[0m[32m+            },
[0m             ObjectMesh {
                 id: String::from("object-c"),
                 mesh: unit_cube_its(),
Diff in \\?\F:\slicerProject\pinch_n_print_cli\crates\slicer-runtime\tests\unit\multi_object_transform_world_z_tdd.rs:323:
                 modifier_volumes: Vec::new(),
                 paint_data: None,
                 world_z_extent: Some((20.0, 21.0)),
[31m-            
[0m[31m-                ..Default::default()},
[0m[32m+
[0m[32m+                ..Default::default()
[0m[32m+            },
[0m         ],
         build_volume: BoundingBox3 {
             min: Point3 {
Diff in \\?\F:\slicerProject\pinch_n_print_cli\crates\slicer-runtime\tests\unit\multi_object_transform_world_z_tdd.rs:372:
         global_layers.push(GlobalLayer {
             index: global_idx,
             z: *z,
[31m-            active_regions: vec![ActiveRegion { // exhaustive: test fixture intentionally specifies the  boundary
[0m[32m+            active_regions: vec![ActiveRegion {
[0m[32m+                // exhaustive: test fixture intentionally specifies the  boundary
[0m                 object_id: String::from("object-a"),
                 region_id: 0,
                 resolved_config: resolved_config_for_height(*height),
Diff in \\?\F:\slicerProject\pinch_n_print_cli\crates\slicer-runtime\tests\unit\multi_object_transform_world_z_tdd.rs:383:
                 tool_index: 0,
             }],
             has_nonplanar: false,
[31m-            is_sync_layer: 
[0m[31m-     true,
[0m[31m-        
[0m[31m-            ..Default::default()});
[0m[32m+            is_sync_layer: true,
[0m[32m+
[0m[32m+            ..Default::default()
[0m[32m+        });
[0m         global_idx += 1;
     }
 
Diff in \\?\F:\slicerProject\pinch_n_print_cli\crates\slicer-runtime\tests\unit\multi_object_transform_world_z_tdd.rs:395:
         global_layers.push(GlobalLayer {
             index: global_idx,
             z: *z,
[31m-            active_regions: vec![ActiveRegion { // exhaustive: test fixture intentionally specifies the  boundary
[0m[32m+            active_regions: vec![ActiveRegion {
[0m[32m+                // exhaustive: test fixture intentionally specifies the  boundary
[0m                 object_id: String::from("object-b"),
                 region_id: 0,
                 resolved_config: resolved_config_for_height(*height),
Diff in \\?\F:\slicerProject\pinch_n_print_cli\crates\slicer-runtime\tests\unit\multi_object_transform_world_z_tdd.rs:406:
                 tool_index: 0,
             }],
             has_nonplanar: false,
[31m-            is_sync_layer: 
[0m[31m-     true,
[0m[31m-        
[0m[31m-            ..Default::default()});
[0m[32m+            is_sync_layer: true,
[0m[32m+
[0m[32m+            ..Default::default()
[0m[32m+        });
[0m         global_idx += 1;
     }
 
Diff in \\?\F:\slicerProject\pinch_n_print_cli\crates\slicer-runtime\tests\unit\multi_object_transform_world_z_tdd.rs:481:
         global_layers.push(GlobalLayer {
             index: global_idx,
             z,
[31m-            active_regions: vec![ActiveRegion { // exhaustive: test fixture intentionally specifies the  boundary
[0m[32m+            active_regions: vec![ActiveRegion {
[0m[32m+                // exhaustive: test fixture intentionally specifies the  boundary
[0m                 object_id: String::from("object-a"),
                 region_id: 0,
                 resolved_config: resolved_config_for_height(height),
Diff in \\?\F:\slicerProject\pinch_n_print_cli\crates\slicer-runtime\tests\unit\multi_object_transform_world_z_tdd.rs:492:
                 tool_index: 0,
             }],
             has_nonplanar: false,
[31m-            is_sync_layer: 
[0m[31m-     true,
[0m[31m-        
[0m[31m-            ..Default::default()});
[0m[32m+            is_sync_layer: true,
[0m[32m+
[0m[32m+            ..Default::default()
[0m[32m+        });
[0m         global_idx += 1;
     }
 
Diff in \\?\F:\slicerProject\pinch_n_print_cli\crates\slicer-runtime\tests\unit\multi_object_transform_world_z_tdd.rs:504:
         global_layers.push(GlobalLayer {
             index: global_idx,
             z,
[31m-            active_regions: vec![ActiveRegion { // exhaustive: test fixture intentionally specifies the  boundary
[0m[32m+            active_regions: vec![ActiveRegion {
[0m[32m+                // exhaustive: test fixture intentionally specifies the  boundary
[0m                 object_id: String::from("object-b"),
                 region_id: 0,
                 resolved_config: resolved_config_for_height(height),
Diff in \\?\F:\slicerProject\pinch_n_print_cli\crates\slicer-runtime\tests\unit\multi_object_transform_world_z_tdd.rs:515:
                 tool_index: 0,
             }],
             has_nonplanar: false,
[31m-            is_sync_layer: 
[0m[31m-     true,
[0m[31m-        
[0m[31m-            ..Default::default()});
[0m[32m+            is_sync_layer: true,
[0m[32m+
[0m[32m+            ..Default::default()
[0m[32m+        });
[0m         global_idx += 1;
     }
 
Diff in \\?\F:\slicerProject\pinch_n_print_cli\crates\slicer-runtime\tests\unit\multi_object_transform_world_z_tdd.rs:527:
         global_layers.push(GlobalLayer {
             index: global_idx,
             z,
[31m-            active_regions: vec![ActiveRegion { // exhaustive: test fixture intentionally specifies the  boundary
[0m[32m+            active_regions: vec![ActiveRegion {
[0m[32m+                // exhaustive: test fixture intentionally specifies the  boundary
[0m                 object_id: String::from("object-c"),
                 region_id: 0,
                 resolved_config: resolved_config_for_height(height),
Diff in \\?\F:\slicerProject\pinch_n_print_cli\crates\slicer-runtime\tests\unit\multi_object_transform_world_z_tdd.rs:538:
                 tool_index: 0,
             }],
             has_nonplanar: false,
[31m-            is_sync_layer: 
[0m[31m-     true,
[0m[31m-        
[0m[31m-            ..Default::default()});
[0m[32m+            is_sync_layer: true,
[0m[32m+
[0m[32m+            ..Default::default()
[0m[32m+        });
[0m         global_idx += 1;
     }
 
Diff in \\?\F:\slicerProject\pinch_n_print_cli\crates\slicer-runtime\tests\unit\multi_object_transform_world_z_tdd.rs:688:
         region_plans: Arc::new(HashMap::new()),
         module_region_index: HashMap::new(),
         aggregated_region_split: BTreeMap::new(),
[31m-    
[0m[31m-        ..Default::default()}
[0m[32m+
[0m[32m+        ..Default::default()
[0m[32m+    }
[0m }
 
 fn compiled_layer_planning_module() -> CompiledModule {
Diff in \\?\F:\slicerProject\pinch_n_print_cli\crates\slicer-runtime\tests\unit\path_ordering_tdd.rs:45:
         overhang_quartile: None,
         dist_to_top_mm: 0.0,
         overhang_distance_mm: None,
[31m-    
[0m[31m-        ..Default::default()}
[0m[32m+
[0m[32m+        ..Default::default()
[0m[32m+    }
[0m }
 
 // â"€â"€ AC-1: same-object nearest-neighbor ordering â"€â"€â"€â"€â"€â"€â"€â"€â"€â"€â"€â"€â"€â"€â"€â"€â"€â"€â"€â"€â"€â"€â"€â"€â"€â"€â"€â"€â"€â"€â"€
Diff in \\?\F:\slicerProject\pinch_n_print_cli\crates\slicer-runtime\tests\unit\path_ordering_tdd.rs:76:
             sparse_infill: vec![path_at(30.0, 0.0), path_at(10.0, 0.0), path_at(0.0, 0.0)],
             solid_infill: vec![],
             ironing: vec![],
[31m-        
[0m[31m-            ..Default::default()}],
[0m[32m+
[0m[32m+            ..Default::default()
[0m[32m+        }],
[0m     };
 
     let mesh = minimal_mesh("test-object");
Diff in \\?\F:\slicerProject\pinch_n_print_cli\crates\slicer-runtime\tests\unit\path_ordering_tdd.rs:281:
                 sparse_infill: vec![path_at(0.0, 0.0), path_at(0.0, 100.0)],
                 solid_infill: vec![],
                 ironing: vec![],
[31m-            
[0m[31m-                ..Default::default()},
[0m[32m+
[0m[32m+                ..Default::default()
[0m[32m+            },
[0m             InfillRegion {
                 object_id: "test-object".to_string(),
                 region_id: 1,
Diff in \\?\F:\slicerProject\pinch_n_print_cli\crates\slicer-runtime\tests\unit\path_ordering_tdd.rs:289:
                 sparse_infill: vec![path_at(1.0, 0.0), path_at(1.0, 1.0)],
                 solid_infill: vec![],
                 ironing: vec![],
[31m-            
[0m[31m-                ..Default::default()},
[0m[32m+
[0m[32m+                ..Default::default()
[0m[32m+            },
[0m         ],
     };
 
Diff in \\?\F:\slicerProject\pinch_n_print_cli\crates\slicer-runtime\tests\unit\path_ordering_tdd.rs:399:
             ],
             solid_infill: vec![],
             ironing: vec![],
[31m-        
[0m[31m-            ..Default::default()}],
[0m[32m+
[0m[32m+            ..Default::default()
[0m[32m+        }],
[0m     };
 
     let mesh = minimal_mesh("test-object");
Diff in \\?\F:\slicerProject\pinch_n_print_cli\crates\slicer-runtime\tests\unit\path_ordering_tdd.rs:509:
                 sparse_infill: vec![path_at(30.0, 0.0), path_at(0.0, 0.0), path_at(15.0, 0.0)],
                 solid_infill: vec![],
                 ironing: vec![],
[31m-            
[0m[31m-                ..Default::default()}],
[0m[32m+
[0m[32m+                ..Default::default()
[0m[32m+            }],
[0m         }
     }
 
Diff in \\?\F:\slicerProject\pinch_n_print_cli\crates\slicer-runtime\tests\unit\path_ordering_tdd.rs:615:
             sparse_infill: vec![path_at(0.0, 0.0), path_at(10.0, 0.0), path_at(30.0, 0.0)],
             solid_infill: vec![],
             ironing: vec![],
[31m-        
[0m[31m-            ..Default::default()}],
[0m[32m+
[0m[32m+            ..Default::default()
[0m[32m+        }],
[0m     };
 
     let mesh = minimal_mesh("test-object");
Diff in \\?\F:\slicerProject\pinch_n_print_cli\crates\slicer-runtime\tests\unit\path_ordering_tdd.rs:722:
             sparse_infill: vec![path_at(30.0, 0.0), path_at(0.0, 0.0), path_at(10.0, 0.0)],
             solid_infill: vec![],
             ironing: vec![],
[31m-        
[0m[31m-            ..Default::default()}],
[0m[32m+
[0m[32m+            ..Default::default()
[0m[32m+        }],
[0m     };
 
     let mesh = minimal_mesh("test-object");
Diff in \\?\F:\slicerProject\pinch_n_print_cli\crates\slicer-runtime\tests\unit\path_ordering_tdd.rs:860:
             modifier_volumes: vec![],
             paint_data: None,
             world_z_extent: None,
[31m-        
[0m[31m-            ..Default::default()}],
[0m[32m+
[0m[32m+            ..Default::default()
[0m[32m+        }],
[0m         build_volume: BoundingBox3 {
             min: Point3 {
                 x: 0.0,
Diff in \\?\F:\slicerProject\pinch_n_print_cli\crates\slicer-runtime\tests\unit\path_ordering_tdd.rs:886:
         postpass_stages: vec![],
         global_layers: Arc::new(
             (0..layer_count)
[31m-                .map(|i| GlobalLayer { // exhaustive: test fixture intentionally specifies the  boundary
[0m[32m+                .map(|i| GlobalLayer {
[0m[32m+                    // exhaustive: test fixture intentionally specifies the  boundary
[0m                     index: i as u32,
                     z: 0.2 * (i as f32 + 1.0),
[31m-                    active_regions: vec![ActiveRegion { // exhaustive: test fixture intentionally specifies the  boundary
[0m[32m+                    active_regions: vec![ActiveRegion {
[0m[32m+                        // exhaustive: test fixture intentionally specifies the  boundary
[0m                         object_id: "test-object".to_string(),
                         region_id: 0,
                         resolved_config: ResolvedConfig::default(),
Diff in \\?\F:\slicerProject\pinch_n_print_cli\crates\slicer-runtime\tests\unit\path_ordering_tdd.rs:900:
                         tool_index: 0,
                     }],
                     has_nonplanar: false,
[31m-                   
[0m[31m-    is_sync_layer: i == 0,
[0m[32m+
[0m[32m+                    is_sync_layer: i == 0,
[0m                 })
                 .collect(),
         ),
Diff in \\?\F:\slicerProject\pinch_n_print_cli\crates\slicer-runtime\tests\unit\path_ordering_tdd.rs:908:
         region_plans: Arc::new(HashMap::new()),
         module_region_index: HashMap::new(),
         aggregated_region_split: BTreeMap::new(),
[31m-    
[0m[31m-        ..Default::default()}
[0m[32m+
[0m[32m+        ..Default::default()
[0m[32m+    }
[0m }
 
 fn stage(stage_id: &str, module_id: &str) -> CompiledStage {
Diff in \\?\F:\slicerProject\pinch_n_print_cli\crates\slicer-runtime\tests\unit\region_mapping_resolved_config_tdd.rs:61:
             modifier_volumes: vec![],
             paint_data: None,
             world_z_extent: None,
[31m-        
[0m[31m-            ..Default::default()}],
[0m[32m+
[0m[32m+            ..Default::default()
[0m[32m+        }],
[0m         build_volume: BoundingBox3 {
             min: Point3 {
                 x: 0.0,
Diff in \\?\F:\slicerProject\pinch_n_print_cli\crates\slicer-runtime\tests\unit\region_mapping_resolved_config_tdd.rs:88:
         is_catchup_layer: false,
         catchup_z_bottom: 0.0,
         tool_index: 0,
[31m-    
[0m[31m-        ..Default::default()}
[0m[32m+
[0m[32m+        ..Default::default()
[0m[32m+    }
[0m }
 
 fn empty_execution_plan() -> slicer_runtime::ExecutionPlan {
Diff in \\?\F:\slicerProject\pinch_n_print_cli\crates\slicer-runtime\tests\unit\region_mapping_resolved_config_tdd.rs:117:
             active_regions: vec![active_region("obj-A", 1), active_region("obj-B", 1)],
             has_nonplanar: false,
             is_sync_layer: false,
[31m-        
[0m[31m-            ..Default::default()}],
[0m[32m+
[0m[32m+            ..Default::default()
[0m[32m+        }],
[0m         object_participation: HashMap::new(),
     });
 
Diff in \\?\F:\slicerProject\pinch_n_print_cli\crates\slicer-runtime\tests\unit\tool_ordering_tdd.rs:46:
         overhang_quartile: None,
         dist_to_top_mm: 0.0,
         overhang_distance_mm: None,
[31m-    
[0m[31m-        ..Default::default()}
[0m[32m+
[0m[32m+        ..Default::default()
[0m[32m+    }
[0m }
 
 /// Build a PrintEntity with SparseInfill role and the given tool_index
Diff in \\?\F:\slicerProject\pinch_n_print_cli\crates\slicer-runtime\tests\unit\tool_ordering_tdd.rs:62:
     object_id: &str,
     original_idx: u32,
 ) -> PrintEntity {
[31m-    PrintEntity { // exhaustive: test fixture intentionally specifies the  boundary
[0m[32m+    PrintEntity {
[0m[32m+        // exhaustive: test fixture intentionally specifies the  boundary
[0m         entity_id: (original_idx as u64) + 1,
         path: ExtrusionPath3D {
             points: vec![pt(x, y)],
Diff in \\?\F:\slicerProject\pinch_n_print_cli\crates\slicer-runtime\tests\unit\tool_ordering_tdd.rs:132:
         annotations: Vec::new(),
         retracts: Vec::new(),
         travel_moves: Vec::new(),
[31m-    
[0m[31m-        ..Default::default()};
[0m 
[32m+        ..Default::default()
[0m[32m+    };
[0m[32m+
[0m     let plan = plan_with_stages(
         vec![
             stage("Layer::Infill", "com.test.infill"),
Diff in \\?\F:\slicerProject\pinch_n_print_cli\crates\slicer-runtime\tests\unit\tool_ordering_tdd.rs:254:
         annotations: Vec::new(),
         retracts: Vec::new(),
         travel_moves: Vec::new(),
[31m-    
[0m[31m-        ..Default::default()};
[0m 
[32m+        ..Default::default()
[0m[32m+    };
[0m[32m+
[0m     let plan = plan_with_stages(
         vec![
             stage("Layer::Infill", "com.test.infill"),
Diff in \\?\F:\slicerProject\pinch_n_print_cli\crates\slicer-runtime\tests\unit\tool_ordering_tdd.rs:348:
         annotations: Vec::new(),
         retracts: Vec::new(),
         travel_moves: Vec::new(),
[31m-    
[0m[31m-        ..Default::default()};
[0m 
[32m+        ..Default::default()
[0m[32m+    };
[0m[32m+
[0m     let plan = plan_with_stages(
         vec![
             stage("Layer::Infill", "com.test.infill"),
Diff in \\?\F:\slicerProject\pinch_n_print_cli\crates\slicer-runtime\tests\unit\tool_ordering_tdd.rs:554:
             modifier_volumes: vec![],
             paint_data: None,
             world_z_extent: None,
[31m-        
[0m[31m-            ..Default::default()}],
[0m[32m+
[0m[32m+            ..Default::default()
[0m[32m+        }],
[0m         build_volume: BoundingBox3 {
             min: Point3 {
                 x: 0.0,
Diff in \\?\F:\slicerProject\pinch_n_print_cli\crates\slicer-runtime\tests\unit\tool_ordering_tdd.rs:580:
         postpass_stages: vec![],
         global_layers: Arc::new(
             (0..layer_count)
[31m-                .map(|i| GlobalLayer { // exhaustive: test fixture intentionally specifies the  boundary
[0m[32m+                .map(|i| GlobalLayer {
[0m[32m+                    // exhaustive: test fixture intentionally specifies the  boundary
[0m                     index: i as u32,
                     z: 0.2 * (i as f32 + 1.0),
[31m-                    active_regions: vec![ActiveRegion { // exhaustive: test fixture intentionally specifies the  boundary
[0m[32m+                    active_regions: vec![ActiveRegion {
[0m[32m+                        // exhaustive: test fixture intentionally specifies the  boundary
[0m                         object_id: "test-object".to_string(),
                         region_id: 0,
                         resolved_config: ResolvedConfig::default(),
Diff in \\?\F:\slicerProject\pinch_n_print_cli\crates\slicer-runtime\tests\unit\tool_ordering_tdd.rs:594:
                         tool_index: 0,
                     }],
                     has_nonplanar: false,
[31m-                   
[0m[31m-    is_sync_layer: i == 0,
[0m[32m+
[0m[32m+                    is_sync_layer: i == 0,
[0m                 })
                 .collect(),
         ),
Diff in \\?\F:\slicerProject\pinch_n_print_cli\crates\slicer-runtime\tests\unit\tool_ordering_tdd.rs:602:
         region_plans: Arc::new(HashMap::new()),
         module_region_index: HashMap::new(),
         aggregated_region_split: BTreeMap::new(),
[31m-    
[0m[31m-        ..Default::default()}
[0m[32m+
[0m[32m+        ..Default::default()
[0m[32m+    }
[0m }
 
 fn stage(stage_id: &str, module_id: &str) -> CompiledStage {
Diff in \\?\F:\slicerProject\pinch_n_print_cli\crates\slicer-runtime\tests\unit\transformed_model_world_z_tdd.rs:239:
         region_plans: Arc::new(HashMap::new()),
         module_region_index: HashMap::new(),
         aggregated_region_split: BTreeMap::new(),
[31m-    
[0m[31m-        ..Default::default()}
[0m[32m+
[0m[32m+        ..Default::default()
[0m[32m+    }
[0m }
 
 fn compiled_layer_planning_module() -> CompiledModule {
Diff in \\?\F:\slicerProject\pinch_n_print_cli\crates\slicer-runtime\tests\unit\transformed_model_world_z_tdd.rs:328:
             modifier_volumes: Vec::new(),
             paint_data: None,
             world_z_extent: Some((-1.0, 0.0)),
[31m-        
[0m[31m-            ..Default::default()}],
[0m[32m+
[0m[32m+            ..Default::default()
[0m[32m+        }],
[0m         build_volume: BoundingBox3 {
             // After 90Â° X rotation: world X=[0,1], Y=[0,1], Z=[-1,0]
             min: Point3 {
Diff in \\?\F:\slicerProject\pinch_n_print_cli\crates\slicer-runtime\tests\unit\transformed_model_world_z_tdd.rs:359:
             modifier_volumes: Vec::new(),
             paint_data: None,
             world_z_extent: Some((0.0, 1.0)),
[31m-        
[0m[31m-            ..Default::default()}],
[0m[32m+
[0m[32m+            ..Default::default()
[0m[32m+        }],
[0m         build_volume: BoundingBox3 {
             min: Point3 {
                 x: 0.0,
Diff in \\?\F:\slicerProject\pinch_n_print_cli\crates\slicer-runtime\tests\unit\transformed_model_world_z_tdd.rs:391:
             modifier_volumes: Vec::new(),
             paint_data: None,
             world_z_extent: Some((tz as f32, (tz + 1.0) as f32)),
[31m-        
[0m[31m-            ..Default::default()}],
[0m[32m+
[0m[32m+            ..Default::default()
[0m[32m+        }],
[0m         build_volume: BoundingBox3 {
             min: Point3 {
                 x: 0.0,
Diff in \\?\F:\slicerProject\pinch_n_print_cli\crates\slicer-runtime\tests\unit\transformed_model_world_z_tdd.rs:483:
         global_layers.push(GlobalLayer {
             index: idx,
             z,
[31m-            active_regions: vec![ActiveRegion { // exhaustive: test fixture intentionally specifies the  boundary
[0m[32m+            active_regions: vec![ActiveRegion {
[0m[32m+                // exhaustive: test fixture intentionally specifies the  boundary
[0m                 object_id: String::from("rotated-cube"),
                 region_id: 0,
                 resolved_config: default_resolved(layer_height),
Diff in \\?\F:\slicerProject\pinch_n_print_cli\crates\slicer-runtime\tests\unit\transformed_model_world_z_tdd.rs:494:
                 tool_index: 0,
             }],
             has_nonplanar: false,
[31m-            is_sync_layer: 
[0m[31m-     true,
[0m[31m-        
[0m[31m-            ..Default::default()});
[0m[32m+            is_sync_layer: true,
[0m[32m+
[0m[32m+            ..Default::default()
[0m[32m+        });
[0m         z += layer_height;
         idx += 1;
     }
Diff in \\?\F:\slicerProject\pinch_n_print_cli\crates\slicer-runtime\tests\unit\transformed_model_world_z_tdd.rs:533:
         global_layers.push(GlobalLayer {
             index: idx,
             z,
[31m-            active_regions: vec![ActiveRegion { // exhaustive: test fixture intentionally specifies the  boundary
[0m[32m+            active_regions: vec![ActiveRegion {
[0m[32m+                // exhaustive: test fixture intentionally specifies the  boundary
[0m                 object_id: String::from("identity-cube"),
                 region_id: 0,
                 resolved_config: default_resolved(layer_height),
Diff in \\?\F:\slicerProject\pinch_n_print_cli\crates\slicer-runtime\tests\unit\transformed_model_world_z_tdd.rs:544:
                 tool_index: 0,
             }],
             has_nonplanar: false,
[31m-            is_sync_layer: 
[0m[31m-     true,
[0m[31m-        
[0m[31m-            ..Default::default()});
[0m[32m+            is_sync_layer: true,
[0m[32m+
[0m[32m+            ..Default::default()
[0m[32m+        });
[0m         z += layer_height;
         idx += 1;
     }
Diff in \\?\F:\slicerProject\pinch_n_print_cli\crates\slicer-runtime\tests\unit\transformed_model_world_z_tdd.rs:584:
         global_layers.push(GlobalLayer {
             index: idx,
             z,
[31m-            active_regions: vec![ActiveRegion { // exhaustive: test fixture intentionally specifies the  boundary
[0m[32m+            active_regions: vec![ActiveRegion {
[0m[32m+                // exhaustive: test fixture intentionally specifies the  boundary
[0m                 object_id: String::from("translated-cube"),
                 region_id: 0,
                 resolved_config: default_resolved(layer_height),
Diff in \\?\F:\slicerProject\pinch_n_print_cli\crates\slicer-runtime\tests\unit\transformed_model_world_z_tdd.rs:595:
                 tool_index: 0,
             }],
             has_nonplanar: false,
[31m-            is_sync_layer: 
[0m[31m-     true,
[0m[31m-        
[0m[31m-            ..Default::default()});
[0m[32m+            is_sync_layer: true,
[0m[32m+
[0m[32m+            ..Default::default()
[0m[32m+        });
[0m         z += layer_height;
         idx += 1;
     }
Diff in \\?\F:\slicerProject\pinch_n_print_cli\crates\slicer-runtime\tests\unit\translated_object_z_floor_tdd.rs:40:
                 active_regions: vec![],
                 has_nonplanar: false,
                 is_sync_layer: true,
[31m-            
[0m[31m-                ..Default::default()},
[0m[32m+
[0m[32m+                ..Default::default()
[0m[32m+            },
[0m             GlobalLayer {
                 index: 1,
                 z: world_z_floor + 2.0 * layer_height,
Diff in \\?\F:\slicerProject\pinch_n_print_cli\crates\slicer-runtime\tests\unit\translated_object_z_floor_tdd.rs:48:
                 active_regions: vec![],
                 has_nonplanar: false,
                 is_sync_layer: true,
[31m-            
[0m[31m-                ..Default::default()},
[0m[32m+
[0m[32m+                ..Default::default()
[0m[32m+            },
[0m         ],
         object_participation: HashMap::from([(
             String::from("translated-obj"),
Diff in \\?\F:\slicerProject\pinch_n_print_cli\crates\slicer-runtime\tests\unit\translated_object_z_floor_tdd.rs:94:
         per_layer_stages: Vec::new(),
         layer_finalization_stage: None,
         postpass_stages: Vec::new(),
[31m-        global_layers: Arc::new(vec![GlobalLayer { // exhaustive: test fixture intentionally specifies the  boundary
[0m[32m+        global_layers: Arc::new(vec![GlobalLayer {
[0m[32m+            // exhaustive: test fixture intentionally specifies the  boundary
[0m             index: 0,
             z: 10.2,
             active_regions: Vec::new(),
Diff in \\?\F:\slicerProject\pinch_n_print_cli\crates\slicer-runtime\tests\unit\translated_object_z_floor_tdd.rs:104:
         region_plans: Arc::new(HashMap::new()),
         module_region_index: HashMap::new(),
         aggregated_region_split: BTreeMap::new(),
[31m-    
[0m[31m-        ..Default::default()}
[0m[32m+
[0m[32m+        ..Default::default()
[0m[32m+    }
[0m }
 
 fn compiled_stage(stage_id: &str, module_ids: &[&str]) -> CompiledStage {
Diff in \\?\F:\slicerProject\pinch_n_print_cli\crates\slicer-runtime\tests\visual_debug_agent_overhead_tdd.rs:194:
             progress_events: false,
             cancel_flag: None,
             config_overrides: std::collections::HashMap::new(),
[31m-        ..Default::default()
[0m[32m+            ..Default::default()
[0m         };
 
         let outcome = run_slice(opts).unwrap_or_else(|e| {
